GDP per capita;1940;1941;1942;1943;1944;1945;1946;1947;1948;1949;1950;1951;1952;1953;1954;1955;1956;1957;1958;1959;1960;1961;1962;1963;1964;1965;1966;1967;1968;1969;1970;1971;1972;1973;1974;1975;1976;1977;1978;1979;1980;1981;1982;1983;1984;1985;1986;1987;1988;1989;1990;1991;1992;1993;1994;1995;1996;1997;1998;1999;2000;2001;2002;2003;2004;2005;2006;2007;2008;2009;2010;2011;2012;2013;2014;2015
Abkhazia;;;;;;;;;;;;;;;;;;;;;;;;;;;;;;;;;;;;;;;;;;;;;;;;;;;;;;;;;;;;;;;;;;;;;;;;;;;;
Afghanistan;973;979;985;991;997;1004;1010;1016;1022;1029;1035;1050;1069;1116;1122;1125;1155;1134;1176;1187;1206;1192;1188;1185;1182;1182;1168;1173;1187;1178;1174;1092;1046;1137;1170;1201;1231;1119;1179;1155;1158;1284;1402;1454;1429;1384;1486;1230;1113;1087;1028;1022;941;810;725;872;895;921;947;972;962;862;1053;1097;1067;1146;1173;1298;1311;1548;1637;1695;1893;1884;1877;1925
Akrotiri and Dhekelia;;;;;;;;;;;;;;;;;;;;;;;;;;;;;;;;;;;;;;;;;;;;;;;;;;;;;;;;;;;;;;;;;;;;;;;;;;;;
Albania;1797;1807;1816;1825;1834;1842;1851;1859;1867;1875;1883;1965;1968;2048;2108;2222;2244;2387;2493;2594;2724;2744;2832;2926;3023;3129;3242;3359;3475;3587;3712;3849;3988;4174;4177;4178;4182;4188;4194;4201;4218;4227;4237;4248;4259;4267;4281;4294;4307;4325;4350;3081;2877;3172;3457;3941;4326;3909;4434;4912;5305;5730;5913;6274;6672;7075;7476;7977;8644;8994;9374;9640;9811;9961;10160;10620
Algeria;3486;3538;3589;3640;3690;3740;3789;3838;3886;3933;3980;3957;4070;4077;4307;4359;4712;5166;5273;6147;6470;5602;4481;5551;5693;5916;5478;5811;6319;6747;7227;6427;7556;7581;7812;8119;8400;8888;9730;10293;10166;10160;10477;10696;10947;11030;10722;10378;9888;10115;10113;9748;9693;9279;9006;9168;9375;9322;9646;9810;9885;10203;10634;11251;11575;12077;12088;12289;12314;12285;12494;12606;12779;12893;13179;13434
American Samoa;;;;;;;;;;;;;;;;;;;;;;;;;;;;;;;;;;;;;;;;;;;;;;;;;;;;;;;;;;;;;;;;;;;;;;;;;;;;
Andorra;5891;5992;6095;6200;6306;6414;6524;6636;6750;6866;6984;7550;8163;8825;9541;10315;11152;12056;13034;14091;15234;16469;17805;19248;20809;22496;24320;26291;28422;30726;33216;33032;33969;34892;35264;34092;34041;33964;33476;32471;32055;30795;29907;29143;28394;27829;27560;27932;28216;28449;28417;28029;27218;26011;25907;26143;27180;29729;30819;31940;31662;31794;31866;34500;36330;39787;42738;43442;41426;41735;38982;41958;41926;43735;44929;46577
Angola;2301;2373;2447;2523;2601;2682;2765;2851;2940;3031;3125;3202;3281;3359;3225;3437;3326;3592;3728;3687;3775;4212;4034;4176;4573;4840;5043;5253;5093;5158;5397;5614;5511;5831;5880;5454;5044;4956;4572;4458;4443;4110;3970;3996;4099;4117;4135;4319;4455;4365;4232;4056;3656;2663;2669;2859;3091;3246;3376;3389;3387;3417;3759;3819;4087;4667;5445;6453;7103;7039;7047;7094;7230;7488;7546;7615
Anguilla;;;;;;;;;;;;;;;;;;;;;;;;;;;;;;;;;;;;;;;;;;;;;;;;;;;;;;;;;;;;;;;;;;;;;;;;;;;;
Antigua and Barbuda;2767;2836;2907;2980;3055;3131;3210;3290;3373;3457;3544;3633;3723;3817;3912;4010;4110;4213;4319;4427;4537;4651;4767;4886;5008;5133;5262;5393;5528;5666;5807;6088;6378;6770;6888;6458;5885;6371;6691;7536;8169;8689;8827;9540;10388;11383;12600;14027;15441;16611;17154;17361;17226;17753;18400;17167;17830;18186;18483;18780;19319;18388;18676;19566;20395;21414;24016;26008;25736;22389;20567;19988;20577;20353;20797;21049
Argentina;6859;7042;6943;6724;7309;6898;7289;7862;8041;7687;7540;7612;7019;7198;7305;7631;7652;7863;8157;7449;7868;8254;7950;7600;8227;8818;8709;8782;9003;9610;9951;10167;10209;10419;10809;10571;10408;10918;10406;10976;10982;10221;9765;10030;10102;9262;9810;9936;9620;8820;8539;9333;10130;10602;11108;10673;11150;11935;12268;11722;11504;10875;9574;10318;11135;12039;12913;13873;14646;14605;15765;16972;17101;17629;17519;17344
Armenia;1444;1413;1383;1353;1324;1296;1268;1405;1583;1724;1862;1834;1914;1958;2013;2141;2299;2299;2421;2345;2515;2611;2636;2536;2823;2945;3051;3151;3300;3313;3533;3589;3571;3832;3871;3810;3917;3937;3964;3877;3815;3783;3809;3862;3840;3805;3890;3872;3886;3889;3736;3329;1973;1842;1988;2169;2333;2438;2636;2740;2919;3214;3654;4182;4635;5297;6020;6877;7383;6358;6508;6812;7291;7527;7763;7763
Aruba;3043;3119;3197;3277;3359;3443;3530;3618;3709;3801;3897;3994;4094;4196;4301;4409;4519;4632;4748;4866;4988;5112;5240;5371;5505;5642;5783;5927;6075;6227;6382;6904;7470;8084;8756;9493;10305;11197;12166;13194;14273;15377;16508;17725;19124;20789;22827;26876;32328;36284;37014;38310;38238;38477;39318;38602;38003;40312;42565;42564;43703;42445;40288;39246;41057;40737;40209;40558;38594;35573;33288;36016;35419;36083;36447;37138
Australia;10057;11069;12236;12555;11997;11270;10744;10856;11349;11788;12073;12229;12084;12228;12694;13082;13217;13191;13545;14076;14346;14126;14742;15357;16098;16601;16756;17570;18261;18949;19719;20176;20385;21185;21383;21708;22372;22373;22763;23697;23872;24308;23884;23584;24934;25875;26057;26969;27757;28556;28604;28122;27895;28732;29580;30359;31145;32013;33085;34346;35253;35452;36375;37035;38130;38840;39416;40643;41312;41170;41330;41706;42522;42840;43219;44056
Austria;7518;7993;7534;7675;7175;3245;3675;4063;5177;6158;6919;7382;7386;7692;8458;9373;9998;10578;10919;11175;12027;12584;12800;13225;13915;14213;14898;15228;15814;16743;17865;18698;19747;20602;21381;21364;22385;23427;23364;24684;25259;25187;25637;26435;26522;27100;27707;28136;28951;30067;31053;31802;32113;32017;32660;33480;34237;34952;36157;37382;38548;38919;39370;39475;40292;40875;42036;43418;43952;42171;42861;44029;44216;44059;43906;44401
Azerbaijan;2727;2678;2629;2582;2535;2489;2444;2717;3071;3357;3638;3595;3765;3864;3987;4254;4583;4597;4859;4723;5081;5285;5348;5155;5751;6012;6241;6458;6778;6819;7285;7416;7395;7952;8076;7994;8263;8351;8456;8315;8228;8205;8307;8469;8466;8435;8673;8679;8760;8814;8513;8323;6346;4806;3808;3320;3329;3488;3801;4047;4459;4863;5338;5891;6435;8052;10711;13243;14365;15394;15950;15754;15888;16593;16710;16986
Bahamas;7186;7451;7726;8011;8307;8614;8932;9261;9603;9957;10324;10705;11100;11509;11933;12373;12829;13302;13792;14300;14826;15618;16405;17248;18160;19156;20007;21048;21975;23154;21210;21018;19856;20957;17127;14320;14767;15790;17660;21812;22747;21634;22519;23560;23646;24154;24343;24818;24959;25109;24281;22841;21555;21222;21516;22119;22758;22971;23799;25193;25858;26078;26260;25387;25073;25397;25530;25412;24373;22950;22915;22689;22841;22518;22439;22818
Bahrain;5557;6178;6868;7635;8487;9434;10487;11656;12956;14401;16007;16689;17391;18107;18839;19556;20266;20938;21541;22078;22540;22941;23418;24022;24751;25662;26651;27726;28802;29943;31232;31102;33824;35688;36456;33509;41062;40589;36597;40292;44996;42034;38841;38395;41099;32131;29586;28401;31346;32515;35398;38315;39854;43894;42712;43244;43781;43798;44399;44619;45063;44169;43654;43914;44206;44031;43358;43251;42507;40825;40553;40083;40732;42444;43963;44138
Bangladesh;1174;1183;1165;1199;1174;1143;1072;1066;1066;1080;1027;1031;1046;1045;1046;972;1056;1017;979;1011;1048;1087;1062;1147;1138;1177;1169;1122;1202;1195;1226;1142;986;971;1069;1035;1059;1038;1082;1101;1079;1085;1071;1097;1131;1142;1169;1196;1208;1216;1274;1287;1327;1360;1383;1424;1457;1492;1538;1579;1632;1685;1721;1774;1840;1934;2038;2158;2265;2355;2459;2589;2725;2853;2991;3161
Barbados;2577;2616;2656;2696;2737;2779;2821;2864;2907;2952;2996;3149;3310;3478;3656;3842;4038;4243;4459;4687;4925;5289;5747;5432;5681;6309;6544;7223;7705;8261;9013;9109;9148;9277;10465;10203;10605;10981;11501;12364;12885;12557;11845;11793;12097;12115;12619;12828;13162;13524;12992;12573;11911;11995;12437;12587;12783;13564;14081;14400;14677;14244;14275;14485;14620;15128;15913;16099;16075;15334;15297;15336;15261;12867;12829;12984
Belarus;2146;2104;2063;2022;1982;1943;1905;2115;2387;2605;2819;2781;2908;2981;3070;3271;3518;3524;3719;3610;3878;4026;4066;3913;4357;4547;4712;4866;5099;5120;5461;5549;5523;5929;6108;6132;6429;6591;6769;6752;6776;6855;7039;7279;7381;7459;7780;7896;8084;8251;8084;7983;7201;6639;5869;5275;5441;6087;6630;6879;7300;7704;8144;8778;9851;10851;12010;13103;14488;14549;15703;16603;16907;17085;17349;17415
Belgium;7097;6030;6157;4965;5014;5328;8351;9365;9793;10035;10309;10790;10688;11038;11390;11728;12053;12252;11919;12137;12608;13122;13689;14163;14995;15360;15721;16225;16816;17868;18903;19548;20504;21700;22550;22196;23418;23546;24202;24756;25847;25517;25873;25879;26527;26792;27189;27813;29092;29980;30798;31247;31596;31170;32077;32774;33217;34377;34992;36209;37404;37620;38036;38214;39356;39881;40661;41575;41641;40225;40764;40946;40687;40607;40885;41240
Belize;1613;1637;1661;1685;1710;1734;1760;1786;1812;1838;1865;1879;1892;1906;1920;1934;1949;1963;1977;1992;2006;2032;2056;2082;2114;2153;2196;2248;2362;2435;2509;2570;2797;2911;3259;3315;3244;3370;3539;3701;4148;4091;3973;3809;3763;3705;3777;4083;4344;4820;5166;5594;6154;6424;6310;6209;6137;6177;6220;6568;7215;7373;7548;8042;8203;8202;8360;8240;8293;8145;8209;8178;8287;8215;8418;8501
Benin;1154;1163;1172;1182;1191;1200;1210;1219;1229;1239;1248;1226;1203;1148;1159;1136;1114;1092;1109;1127;1137;1149;1085;1110;1159;1191;1206;1189;1204;1210;1205;1180;1251;1248;1124;1141;1158;1191;1195;1255;1338;1377;1484;1380;1447;1510;1497;1429;1427;1352;1362;1370;1359;1386;1364;1398;1414;1451;1466;1500;1525;1570;1586;1594;1590;1584;1592;1616;1646;1641;1637;1643;1685;1733;1779;1830
Bermuda;7644;7993;8359;8742;9141;9560;9997;10454;10932;11431;11954;12638;13362;14126;14935;15789;16693;17648;18658;19725;20853;21331;21789;21544;23383;23943;26935;29965;30060;30559;31940;32748;33062;33263;33301;34314;36119;36451;37077;39853;40660;38250;38851;38854;37552;39853;41112;42539;42481;42255;40553;39322;39584;40557;40518;41999;42817;44514;45912;47200;51140;54245;53097;54550;55453;56017;58785;60117;60676;57152;56395;54985;52137;50669;48728;47081
Bhutan;822;825;827;830;833;835;838;841;844;846;849;859;869;879;889;899;910;920;931;941;952;963;974;985;997;1008;1020;1031;1043;1055;1067;1059;1034;1011;1026;957;1008;1051;1090;1108;1131;1228;1227;1297;1345;1385;1534;1948;2004;2111;2332;2326;2463;2557;2723;2930;3072;3184;3292;3459;3596;3780;4062;4247;4373;4565;4767;5507;5663;5934;6516;6909;7138;7167;7500;7983
Bolivia;2689;2715;2742;2769;2797;2824;2843;2861;2891;2919;3216;3374;3405;3020;3019;3113;2866;2713;2717;2650;2703;2699;2787;2899;2971;3046;3191;3312;3510;3581;3678;3727;3823;3988;4093;4260;4484;4560;4602;4496;4363;4322;4064;3819;3795;3706;3525;3551;3613;3638;3740;3845;3817;3887;3975;4068;4152;4264;4384;4312;4330;4315;4335;4367;4464;4578;4716;4850;5066;5152;5279;5462;5650;5934;6153;6295
Bosnia and Herzegovina;1280;1256;1233;1210;1188;1166;1144;1123;1308;1404;1284;1304;1174;1318;1360;1412;1354;1550;1583;1742;1815;1858;1853;2004;2152;2164;2234;2227;2229;2431;2500;2732;2768;2803;3100;3036;3064;3217;3325;3480;3582;3579;3538;3504;3528;3494;3572;3471;3363;3263;2974;2613;1970;1466;1574;1976;3771;4996;5609;5965;6158;6354;6660;6929;7369;7751;8242;8820;9316;9063;9145;9248;9149;9387;9516;9833
Botswana;771;778;784;790;796;803;809;815;822;828;835;851;862;877;893;907;920;933;944;960;970;989;1002;1019;1038;1055;1142;1240;1347;1455;1567;1810;2317;2722;3152;2969;3354;3298;3736;3920;4292;4520;4679;5224;5608;5822;6065;6393;7173;7856;8075;8430;8436;8368;8449;8823;9121;9637;9507;10228;10250;10115;10577;10923;11085;11460;12241;13170;13858;12680;13642;14341;14905;16155;16725;17196
Brazil;2308;2351;2214;2337;2451;2457;2662;2643;2811;2932;3030;3074;3191;3228;3366;3543;3521;3668;3935;4184;4433;4663;4823;4697;4707;4671;4836;4888;5215;5550;5930;6463;7082;7904;8362;8595;9274;9512;9759;10187;10922;10224;10094;9590;9913;10495;11079;11267;11062;11226;10331;10315;10104;10413;10802;11108;11178;11382;11250;11139;11461;11446;11638;11627;12135;12373;12732;13364;13906;13749;14660;15101;15234;15518;15412;15441
British Virgin Islands;;;;;;;;;;;;;;;;;;;;;;;;;;;;;;;;;;;;;;;;;;;;;;;;;;;;;;;;;;;;;;;;;;;;;;;;;;;;
Brunei;11782;13727;15992;18631;21706;25288;29461;34323;39986;46584;54271;55126;55994;56876;57771;58680;59604;60541;61493;62460;63442;64439;65451;66479;67522;68582;69658;70751;71861;72988;74132;78230;82612;86923;93231;89842;103744;110729;113988;134864;121356;94314;95207;93016;90992;87154;82425;81711;80275;77184;77076;77275;78688;76750;77038;78406;78661;75654;73498;74041;74475;74868;76130;76737;75596;74441;76287;75054;72351;69924;70636;71991;71664;69474;72219;73003
Bulgaria;2590;2621;2475;2531;2320;1794;1956;2132;2323;2533;2761;3325;3165;3486;3385;3590;3557;3895;4192;4485;4866;5133;5506;5711;6110;6432;6891;7216;7296;7592;7971;8186;8534;8824;9040;9736;9987;9844;10048;10425;10088;10325;10631;10408;10730;10388;10643;10646;10567;10367;9333;8630;8089;8033;8207;8479;8659;8617;8976;8516;9075;9596;10220;10829;11602;12359;13228;14430;15368;14692;14886;15278;15443;15695;16048;16371
Burkina Faso;529;529;528;528;527;527;526;526;525;525;524;537;550;563;576;590;605;619;634;649;659;681;717;702;711;731;726;781;794;799;790;810;830;774;747;703;683;714;778;766;759;771;767;738;729;801;900;857;898;858;821;872;851;857;845;869;938;970;1012;1057;1046;1084;1099;1150;1167;1232;1271;1304;1358;1358;1431;1481;1532;1588;1606;1654
Burundi;492;493;495;496;497;498;500;501;502;503;505;525;533;546;567;576;588;601;608;633;632;531;567;582;603;610;623;665;645;627;782;827;753;806;788;780;826;909;879;856;887;945;922;929;908;994;1014;1032;1044;1037;1051;1075;1062;975;921;835;758;737;763;744;723;720;731;700;709;692;704;713;723;723;725;731;737;747;758;777
Cambodia;1086;1088;1089;1091;1093;1095;1097;1098;1100;1102;1104;1114;1156;1140;1242;1187;1311;1363;1394;1491;1539;1484;1562;1634;1548;1579;1608;1647;1678;1660;1643;1539;1440;1161;1101;1096;1116;976;1003;891;839;822;792;791;790;787;792;920;993;1025;996;1055;1096;1004;1058;1091;1117;1148;1176;1285;1368;1448;1516;1617;1755;1957;2136;2321;2442;2409;2513;2646;2790;2942;3093;3267
Cameroon;1298;1311;1325;1339;1354;1368;1382;1397;1412;1427;1442;1479;1517;1554;1592;1632;1671;1710;1750;1790;1813;1808;1836;1874;1910;1917;1973;1992;2084;2146;2169;2190;2238;2224;2274;2338;2324;2386;2444;2505;2671;3034;3188;3319;3476;3675;3821;3526;3271;2895;2768;2586;2434;2177;2160;2188;2233;2289;2338;2369;2404;2447;2480;2514;2540;2532;2547;2564;2571;2554;2571;2610;2661;2739;2829;2897
Canada;8871;9996;11617;11993;12287;11773;11437;11694;11654;11650;12022;12419;12911;13158;12687;13513;14253;14177;14056;14289;14414;14545;15276;15752;16464;17243;18022;18240;18900;19614;19842;20688;21532;22797;23405;23593;24563;25095;25853;26665;26678;27171;26031;26525;27781;29016;29482;30288;31356;31550;31163;30090;29977;30424;31505;32101;32290;33310;34389;35810;37314;37563;38270;38621;39436;40284;41012;41432;41468;39884;40773;41567;41865;42213;42817;43294
Cape Verde;793;792;790;789;788;786;785;784;782;781;779;784;790;795;779;778;782;751;740;797;826;849;867;882;895;905;915;923;930;936;942;856;805;788;757;771;759;749;814;886;1189;1269;1276;1366;1385;1469;1474;1538;1546;1589;1609;1597;1728;1827;2120;2361;2568;2794;3082;3363;3772;3784;3910;4006;4352;4604;4937;5666;6031;5941;6005;6206;6224;6232;6343;6514
Cayman Islands;6449;6742;7048;7368;7702;8052;8417;8799;9198;9615;10051;10507;10983;11481;12002;12546;13114;13709;14330;14979;15658;16367;17108;17883;18693;19539;20424;21349;22315;23325;24381;24132;24808;26809;27775;28751;29750;30787;31934;33318;34998;37040;39420;43261;44985;44803;46244;48199;52376;54254;58535;56634;55811;55971;56412;56588;56861;57445;58314;58007;56574;55159;54590;54335;53625;55970;56971;57734;56832;51952;49795;49884;49297;49345;49118;49009
Central African Republic;1039;1055;1072;1089;1107;1125;1143;1161;1180;1198;1218;1245;1272;1299;1325;1352;1377;1403;1428;1452;1436;1461;1393;1360;1353;1332;1294;1315;1297;1332;1358;1285;1227;1256;1192;1181;1199;1261;1248;1145;1103;1088;1077;984;1019;998;991;942;933;939;944;918;839;821;841;881;827;852;873;887;848;870;887;825;860;853;869;892;894;892;901;913;932;584;578;599
Chad;1035;1052;1070;1089;1107;1126;1145;1165;1185;1205;1225;1254;1282;1310;1339;1369;1398;1428;1459;1488;1475;1470;1522;1474;1409;1387;1334;1315;1281;1341;1338;1334;1216;1131;1258;1441;1387;1253;1217;946;891;880;884;983;994;1202;1122;1058;1185;1221;1111;1169;1223;999;1066;1044;1032;1054;1090;1045;998;1073;1120;1237;1592;1803;1755;1755;1753;1772;1953;1896;2003;2055;2141;2191
Channel Islands;;;;;;;;;;;;;;;;;;;;;;;;;;;;;;;;;;;;;;;;;;;;;;;;;;;;;;;;;;;;;;;;;;;;;;;;;;;;
Chile;4625;4484;4600;4638;4633;4935;5254;4598;5263;5056;5196;5279;5505;5811;5519;5613;5584;6016;6194;5699;6020;6155;6293;6538;6537;6451;7026;7114;7231;7364;7382;7906;7674;7123;7070;6058;6168;6675;7122;7603;8088;8454;7182;6867;7160;7193;7483;7851;8288;9016;9193;9747;10744;11287;11725;12759;13498;14186;14450;14159;14614;14925;15075;15499;16260;16985;17554;18278;18698;18329;19204;20141;21050;21746;21967;22465
China;841;782;727;676;629;585;570;556;542;529;535;582;631;692;694;706;736;780;889;958;889;558;567;635;713;772;826;719;669;732;848;876;843;894;888;920;891;904;1016;1059;1073;1099;1175;1229;1456;1557;1604;1652;1597;1474;1516;1634;1845;2078;2323;2551;2775;3000;3205;3419;3678;3955;4285;4685;5127;5675;6360;7225;7880;8565;9430;10274;11017;11805;12609;13334
Christmas Island;;;;;;;;;;;;;;;;;;;;;;;;;;;;;;;;;;;;;;;;;;;;;;;;;;;;;;;;;;;;;;;;;;;;;;;;;;;;
Cocos Island;;;;;;;;;;;;;;;;;;;;;;;;;;;;;;;;;;;;;;;;;;;;;;;;;;;;;;;;;;;;;;;;;;;;;;;;;;;;
Colombia;2842;2799;2717;2643;2738;2780;2960;2983;2975;3143;3177;3151;3238;3287;3404;3418;3459;3452;3396;3519;3535;3592;3655;3650;3749;3777;3868;3893;4021;4162;4325;4484;4731;4952;5161;5208;5382;5544;5953;6200;6373;6441;6405;6421;6518;6613;6887;7158;7371;7519;7752;7776;8014;8052;8366;8643;8664;8804;8701;8194;8414;8415;8488;8683;9005;9286;9759;10278;10489;10511;10777;11332;11636;12054;12447;12761
Comoros;801;801;802;803;803;804;805;805;806;807;807;837;846;862;892;901;915;929;935;967;1026;1013;1079;1278;1342;1308;1416;1530;1494;1425;1425;1453;1452;1522;1525;1575;1523;1522;1504;1583;1636;1640;1686;1712;1730;1719;1703;1687;1689;1621;1595;1473;1561;1569;1451;1467;1413;1434;1416;1407;1391;1517;1513;1505;1495;1498;1499;1472;1440;1431;1426;1427;1435;1450;1459;1472
Congo, Dem. Rep.;1293;1318;1343;1369;1395;1422;1449;1476;1504;1533;1562;1756;1845;1994;2041;2128;2202;2177;2085;2084;2225;1948;2158;2147;2108;2016;2085;1999;2062;2160;2094;2194;2145;2253;2323;2032;1840;1772;1628;1575;1567;1567;1517;1496;1535;1498;1523;1517;1478;1410;1270;1120;963;801;742;724;698;645;622;583;531;506;507;520;539;556;569;588;607;607;632;657;685;724;768;809
Congo, Rep.;1464;1498;1533;1568;1605;1642;1680;1719;1759;1800;1842;1880;1918;1954;1991;2028;2063;2099;2135;2170;2198;2535;2435;2263;2282;2329;2411;2642;2825;3057;3348;3545;3584;4082;3930;3784;3852;3469;3576;3869;4238;4993;5995;6153;6414;6166;5586;5448;5398;5350;5264;5249;5248;5062;4659;4715;4782;4618;4657;4413;4623;4680;4778;4702;4745;4978;5138;4905;5022;5236;5533;5569;5631;5680;5905;6220
Cook Is;;;;;;;;;;;;;;;;;;;;;;;;;;;;;;;;;;;;;;;;;;;;;;;;;;;;;;;;;;;;;;;;;;;;;;;;;;;;
Costa Rica;2626;2896;2518;2477;2180;2414;2633;3050;3141;3186;2948;2933;3179;3542;3449;3709;3472;3633;3936;3929;4110;4123;4221;4427;4495;4749;4953;5094;5324;5518;5723;5933;6287;6597;6772;6725;6898;7305;7465;7607;7537;7190;6508;6505;6820;6683;6851;6984;7036;7253;7333;7337;7816;8196;8378;8495;8357;8603;9095;9610;9564;9465;9548;9972;10212;10629;11371;12079;12219;11914;12322;12694;13162;13427;13713;14132
Cote d'Ivoire;1814;1838;1862;1886;1911;1936;1962;1988;2014;2040;2067;2102;2138;2173;2209;2245;2281;2317;2353;2377;2510;2751;2651;2901;3312;3091;3291;3261;3565;3645;3798;3983;3975;4029;4020;4159;4488;4602;4878;4776;4068;4030;3868;3564;3330;3347;3330;3203;3129;3385;3234;3128;3019;2918;2851;2964;3103;3131;3202;3178;3049;2999;2904;2825;2820;2828;2827;2831;2854;2892;2892;2706;2928;3123;3324;3491
Croatia;4395;4356;4318;4280;4243;4205;4168;4132;4863;5271;4871;4997;4549;5159;5376;5644;5469;6325;6531;7264;7651;7916;7984;8730;9476;9636;10057;10141;10267;11324;11777;13019;13345;13674;15299;15162;15482;16453;17208;18232;18996;19215;19228;19282;19659;19711;20412;20085;19712;19374;17890;14020;12269;11182;11764;12543;13797;14463;14965;14652;15644;16130;16977;17920;18656;19420;20358;21426;21873;20283;19989;20571;20183;20049;20060;20260
Cuba;4631;6198;5177;5709;6523;7174;7720;8724;7645;8193;8630;9245;9446;8192;8492;8757;9424;10636;10501;9234;9213;9248;9273;9244;9179;9116;9436;10372;9626;9377;8918;9471;9745;10439;10805;11176;11334;11712;12312;12519;12284;13224;13421;13669;14019;14135;14025;13805;13925;13829;13670;12113;10637;9001;9018;9195;9871;10106;10086;10674;11268;11588;11715;12123;12791;14200;15901;17055;17765;18035;18477;19005;19586;20122;20704;21291
Cyprus;3376;3411;3447;3483;3519;3556;3593;3631;3668;3707;3745;3899;4058;4224;4397;4577;4764;4959;5161;5372;5592;5820;6058;6306;6563;6831;7110;7400;7702;8017;8344;9415;10088;10394;10200;8574;10217;11852;12722;13897;14582;14858;15638;16279;17500;18130;18626;19748;21185;22598;23802;23366;24891;24467;25380;26445;26450;26704;27721;28698;30005;30745;31373;31858;32812;33592;34528;35455;35828;34166;33747;32983;31710;30081;29673;29797
Czech Republic;6786;6831;6876;6921;6967;7013;7059;7105;7152;7550;8110;8166;8339;8217;8468;9096;9535;10023;10699;11095;11860;12223;12318;12009;12482;12857;13342;13864;14467;14774;15038;15487;15954;16382;16853;17220;17366;18025;18127;18171;18586;18426;18738;18977;19380;19492;19820;19884;20293;20432;19839;17577;17470;17462;17964;19093;19934;19821;19777;20082;21003;21726;22126;22930;24057;25571;27256;28595;29128;27560;28111;28603;28333;28124;28695;29437
Czechoslovakia;;;;;;;;;;;;;;;;;;;;;;;;;;;;;;;;;;;;;;;;;;;;;;;;;;;;;;;;;;;;;;;;;;;;;;;;;;;;
Denmark;8977;8012;8095;8871;9666;8822;10047;10484;10643;11258;12025;12004;12027;12601;12732;12767;12837;13741;13963;14896;15198;16061;16815;16793;18228;18917;19284;19775;20482;21701;21990;22464;23562;24318;24027;23846;25376;25758;26108;27020;26921;26741;27622;28392;29711;31032;32181;32297;32720;32849;33256;33601;34152;34008;35766;36670;37521;38584;39297;40321;41693;41886;41947;41996;42993;43919;45437;45609;45017;42498;42997;43314;42869;42483;42777;43495
Djibouti;2357;2427;2498;2572;2648;2726;2806;2889;2974;3061;3151;3248;3267;3311;3411;3432;3473;3508;3502;3601;3727;3752;3701;3734;3700;3693;3708;3701;3676;3668;4357;4510;4529;4602;4381;4350;4538;3779;3632;3555;3500;3526;3531;3461;3795;3704;3616;3532;3364;3165;3050;2811;2736;2505;2440;2315;2181;2127;2092;2103;2079;2090;2114;2150;2202;2240;2315;2399;2502;2590;2665;2767;2807;2903;3016;3139
Dominica;1856;1884;1912;1940;1969;1998;2028;2058;2088;2119;2151;2175;2199;2224;2249;2274;2299;2325;2351;2378;2404;2431;2458;2486;2513;2541;2570;2599;2628;2657;2686;2857;3048;3280;3458;3520;3705;3737;4106;3299;3739;4176;4355;4496;4778;4878;5266;5720;6271;6291;6661;6709;6833;6926;7009;7148;7359;7510;7936;8035;8091;8131;7972;8554;8799;8764;9172;9713;10425;10289;10375;10333;10149;10011;10207;10503
Dominican Republic;1737;1766;1797;1828;1859;1891;1923;1956;1990;2024;2058;2242;2358;2262;2321;2390;2550;2627;2681;2612;2655;2514;2851;2943;3044;2586;2848;2859;2784;3004;3234;3484;3816;4172;4306;4407;4595;4710;4712;4807;4988;5081;5062;5176;5085;4857;4903;5169;5104;5645;5278;5222;5657;5949;5973;6188;6514;6918;7283;7649;7955;7974;8307;8162;8147;8772;9568;10233;10408;10363;11075;11241;11391;11790;12505;12837
East Germany;;;;;;;;;;;;;;;;;;;;;;;;;;;;;;;;;;;;;;;;;;;;;;;;;;;;;;;;;;;;;;;;;;;;;;;;;;;;
Ecuador;2237;2210;2300;2557;2551;2525;2783;3034;3388;3383;3416;3393;3742;3750;3975;3997;4058;4151;4178;4302;4473;4474;4594;4590;4786;5108;5102;5226;5364;5501;5723;5866;6035;6580;6752;6891;7330;7560;7844;8023;8145;8231;8083;7689;7777;7880;7887;7189;7739;7540;7542;7685;7672;7652;7805;7811;7781;7951;8045;7511;7444;7593;7753;7814;8300;8582;8802;8840;9244;9143;9311;9882;10233;10541;10774;10996
Egypt;1642;1642;1572;1587;1607;1645;1663;1682;1700;1718;1736;1738;1818;1868;1781;1741;1736;1780;1908;1947;2052;2105;2103;2128;2443;2509;2447;2377;2460;2614;3055;3090;3140;3095;3105;3193;3552;3745;3953;4262;4580;4553;4757;5044;5303;5539;5658;5774;5886;5933;6020;5974;6134;6212;6360;6553;6774;7036;7207;7528;7807;7955;8013;8134;8328;8556;8990;9467;9974;10267;10615;10629;10683;10731;10792;11031
El Salvador;2598;2506;2669;2871;2671;2526;2532;3143;3930;3504;3414;3387;3540;3683;3616;3688;3855;3933;3891;3935;3963;3966;4297;4333;4585;4671;4819;4906;4882;4863;4810;4878;5033;5119;5312;5448;5498;5659;5867;5618;5064;4692;4463;4436;4459;4478;4434;4457;4449;4408;4454;4545;4811;5086;5318;5589;5626;5817;5994;6165;6266;6345;6469;6595;6693;6907;7148;7391;7450;7180;7237;7352;7442;7515;7613;7776
Equatorial Guinea;470;472;474;476;477;479;481;483;485;486;488;507;517;531;553;562;577;588;598;624;678;732;806;915;1041;1169;1203;1268;1296;1242;1193;1081;933;971;1029;1181;1325;1331;1436;1407;1349;1301;1290;1248;1169;1240;1154;1161;1155;1108;1050;1005;1310;1406;1586;1803;2907;7037;8437;10273;11768;18637;21586;23856;31942;36200;33468;36788;40143;35880;34431;35150;35282;32654;30783;31087
Eritrea;758;761;764;767;771;774;777;780;783;786;789;798;806;838;823;851;863;841;852;858;885;899;912;927;937;974;998;1039;1068;1080;1037;1054;1068;1061;1035;965;948;931;864;940;942;943;925;966;913;783;831;915;891;858;850;939;1040;1175;1416;1438;1542;1623;1603;1550;1446;1511;1491;1389;1351;1332;1272;1246;1088;1095;1083;1139;1180;1157;1140;1129
Eritrea and Ethiopia;;;;;;;;;;;;;;;;;;;;;;;;;;;;;;;;;;;;;;;;;;;;;;;;;;;;;;;;;;;;;;;;;;;;;;;;;;;;
Estonia;3703;3635;3568;3503;3438;3375;3313;3682;4161;4546;4926;4866;5094;5228;5392;5752;6195;6213;6565;6379;6861;7128;7204;6936;7728;8069;8368;8647;9066;9109;9721;9885;9844;10573;10839;10829;11297;11525;11778;11690;11676;11753;12010;12358;12470;12540;13014;13144;13392;13601;13260;12008;10523;9870;9870;10464;11245;12709;13705;13723;14877;15894;16974;18359;19665;21651;24047;26066;24743;21137;21710;23576;24761;25254;25865;26812
Ethiopia;569;570;571;572;573;574;575;576;577;578;579;586;593;617;607;629;638;622;631;636;657;668;678;690;698;727;746;777;800;810;778;792;803;799;780;729;716;704;655;713;715;717;704;736;696;597;635;700;682;657;653;585;516;564;562;578;630;630;591;604;623;656;647;615;679;738;796;863;931;986;1081;1171;1240;1336;1432;1520
Faeroe Islands;;;;;;;;;;;;;;;;;;;;;;;;;;;;;;;;;;;;;;;;;;;;;;;;;;;;;;;;;;;;;;;;;;;;;;;;;;;;
Falkland Is (Malvinas);;;;;;;;;;;;;;;;;;;;;;;;;;;;;;;;;;;;;;;;;;;;;;;;;;;;;;;;;;;;;;;;;;;;;;;;;;;;
Fiji;2123;2177;2233;2289;2348;2407;2468;2531;2595;2661;2729;2798;2869;2942;3016;3093;3171;3252;3334;3419;3505;3508;3513;3613;3671;3471;3382;3744;3953;3971;4384;4590;4834;5287;5319;5245;5291;5506;5510;6066;5843;6066;5560;5208;5528;5193;5545;5160;5204;5583;5694;5488;5751;5792;6002;6073;6291;6087;6108;6594;6444;6548;6745;6804;7149;7169;7253;7128;7129;6959;7098;7228;7303;7502;7735;7925
Finland;5439;5612;5622;6247;6228;5832;6228;6287;6695;7011;7198;7738;7914;7877;8470;8802;8971;9302;9276;9751;10560;11286;11560;11858;12389;13006;13269;13477;13726;15058;16245;16564;17722;18804;19273;19409;19268;19261;19608;20918;21965;22279;22873;23351;23926;24630;25133;26086;27282;28735;28599;26761;25726;25414;26301;27303;28210;29884;31423;32743;34517;35327;35834;36461;37783;38700;40115;42016;42122;38455;39425;40251;39489;38788;38569;38923
France;4821;4666;4700;4691;3594;4423;5909;6228;6988;7367;7914;8301;8446;8622;9006;9453;9907;10442;10681;10911;11642;12168;12767;13235;13969;14514;15158;15759;16321;17339;18185;18891;19570;20486;20997;20851;21661;22270;22928;23647;23962;24186;24753;25188;25497;25917;26453;26963;28101;28942;29476;29707;30033;29719;30303;30823;31141;31756;32764;33707;34774;35197;35333;35371;36090;36395;37001;37641;37505;36215;36745;37328;37227;37309;37218;37599
French Guiana;;;;;;;;;;;;;;;;;;;;;;;;;;;;;;;;;;;;;;;;;;;;;;;;;;;;;;;;;;;;;;;;;;;;;;;;;;;;
French Polynesia;;;;;;;;;;;;;;;;;;;;;;;;;;;;;;;;;;;;;;;;;;;;;;;;;;;;;;;;;;;;;;;;;;;;;;;;;;;;
Gabon;577;585;593;601;609;617;625;633;641;650;658;711;769;831;899;971;1050;1134;1226;1324;1431;1638;1874;2144;2454;2807;2679;3219;3423;3836;4656;5793;6180;8349;18287;18169;21774;20699;22649;24502;27736;27631;24800;26740;25707;23142;18203;16383;15076;19870;19358;19995;18868;19101;19298;19738;19933;20545;20729;18413;17630;17579;17126;17105;16822;17069;16059;16693;15800;15238;15982;16590;17252;17580;17912;18627
Gambia;959;962;965;969;972;975;978;981;985;988;991;1025;1034;1050;1084;1092;1106;1119;1120;1154;1196;1353;1298;1268;1312;1412;1597;1602;1575;1691;1478;1597;1660;1684;1956;1778;1923;1957;1799;2028;1772;1703;1861;1586;1494;1323;1347;1371;1463;1510;1517;1510;1513;1515;1475;1448;1439;1468;1477;1527;1564;1606;1506;1559;1617;1552;1521;1528;1566;1615;1667;1545;1584;1608;1555;1644
Georgia;1766;1733;1701;1670;1639;1609;1579;1756;1984;2168;2349;2320;2429;2493;2571;2743;2954;2962;3130;3041;3271;3404;3445;3322;3707;3877;4128;4347;4505;4685;5212;5303;5415;5727;6192;6611;6979;7425;7941;8485;8825;9236;9363;9703;10158;10580;9633;9670;10135;9379;8018;6282;3435;2410;2181;2298;2621;2951;3072;3185;3269;3451;3664;4096;4346;4716;5116;5760;5900;5642;5938;6322;6702;6930;7233;7474
Germany;9711;10310;10407;10722;11120;8284;4084;4504;5258;6112;7251;7884;8561;9252;9926;10998;11751;12385;12884;13759;14808;15317;15872;16221;17100;17838;18262;18311;19254;20409;21218;21695;22497;23461;23662;23630;24904;25678;26444;27515;27765;27846;27645;28227;29135;29851;30514;30986;31906;32706;31476;32844;33221;32689;33375;33843;34008;34578;35254;35931;36953;37517;37458;37167;37614;37901;39352;40693;41199;38975;40632;42080;42959;42887;43444;44053
Ghana;1861;1818;1775;1733;1692;1652;1435;1232;1287;1416;1682;1704;1634;1816;1996;1822;2167;1936;2092;2145;2246;2267;2316;2334;2322;2290;2230;2208;2177;2240;2455;2527;2396;2458;2559;2190;2072;2085;2226;2130;2090;1960;1766;1628;1710;1740;1778;1813;1865;1909;1920;1965;1985;2024;2036;2066;2110;2148;2199;2244;2273;2306;2350;2409;2479;2558;2652;2751;2907;2934;3091;3446;3685;3873;3953;4099
Gibraltar;;;;;;;;;;;;;;;;;;;;;;;;;;;;;;;;;;;;;;;;;;;;;;;;;;;;;;;;;;;;;;;;;;;;;;;;;;;;
Greece;4510;3792;3188;2673;2243;1881;2776;3524;3589;3723;3811;4098;4076;4581;4673;4978;5355;5656;5860;6011;6219;6708;6920;7598;8197;8931;9414;9822;10458;11466;12366;13227;14818;15373;14801;15594;16413;16765;17707;18184;18373;18270;18286;18309;18776;19345;19657;19575;20486;21229;21085;21528;21442;20906;21147;21426;21905;22739;23535;24152;25030;25884;26625;28303;29604;29768;31399;32408;32197;30780;29190;26675;24991;24159;24502;25430
Greenland;2452;2530;2609;2692;2776;2864;2954;3047;3143;3242;3344;3532;3730;3940;4161;4394;4641;4901;5176;5466;5773;6097;6439;6800;7181;7583;8009;8457;8932;9432;9961;11000;11470;12088;12655;12652;13356;14522;15396;16124;17449;17429;16479;16832;15754;16134;17089;17848;18680;19780;17371;17295;16391;15569;16500;17117;17372;17613;18955;19182;20499;20699;20426;20278;21086;21846;23031;23858;24413;23789;24966;25730;26213;26688;27216;27763
Grenada;1607;1614;1621;1628;1635;1642;1650;1657;1664;1672;1679;1718;1758;1799;1841;1884;1927;1972;2018;2065;2113;2162;2212;2263;2316;2370;2425;2481;2539;2597;2658;2852;3074;3354;3588;3724;4106;4401;4820;4964;4949;4945;4959;4888;5019;5253;5756;6341;6583;7057;7488;7646;7565;7283;7401;7522;7785;8117;8633;9489;9650;9433;9734;10627;10529;11892;11380;12042;12116;11273;11178;11219;11046;11273;11400;11593
Guadeloupe;;;;;;;;;;;;;;;;;;;;;;;;;;;;;;;;;;;;;;;;;;;;;;;;;;;;;;;;;;;;;;;;;;;;;;;;;;;;
Guam;;;;;;;;;;;;;;;;;;;;;;;;;;;;;;;;;;;;;;;;;;;;;;;;;;;;;;;;;;;;;;;;;;;;;;;;;;;;
Guatemala;4140;4263;4222;2766;2624;2608;3014;2971;2989;3172;3131;3083;3055;3075;3041;3024;3202;3284;3336;3397;3377;3421;3441;3661;3722;3815;3955;4044;4320;4441;4606;4766;5012;5242;5460;5450;5730;6047;6215;6373;6475;6361;5953;5662;5534;5345;5198;5225;5269;5314;5315;5383;5514;5598;5691;5836;5873;5992;6149;6239;6313;6305;6389;6390;6429;6475;6658;6906;6960;6826;6849;6957;6985;7063;7181;7279
Guernsey;;;;;;;;;;;;;;;;;;;;;;;;;;;;;;;;;;;;;;;;;;;;;;;;;;;;;;;;;;;;;;;;;;;;;;;;;;;;
Guinea;594;596;599;601;603;605;607;609;611;613;615;643;654;669;699;713;730;745;755;786;806;846;893;831;870;914;917;929;940;950;966;977;979;1003;1053;1076;1159;1162;1170;1149;1166;1149;1147;1137;1117;1085;1077;1085;1122;1139;1128;1097;1068;1059;1046;1049;1061;1089;1107;1130;1139;1161;1200;1194;1200;1210;1212;1203;1230;1194;1185;1200;1216;1213;1179;1225
Guinea-Bissau;839;839;838;838;837;837;837;836;836;836;835;867;900;935;1096;1027;1140;1184;1190;1175;1208;1260;1308;1332;1440;1511;1577;1639;1659;1708;1756;1676;1775;1770;1829;1852;1803;1644;1825;1827;1500;1730;1790;1605;1631;1679;1626;1562;1585;1553;1564;1607;1588;1585;1599;1632;1781;1855;1305;1289;1330;1329;1287;1266;1273;1299;1300;1313;1326;1340;1368;1457;1391;1362;1363;1386
Guyana;3615;3679;3745;3812;3880;3949;4020;4091;4164;4238;4314;4207;4103;4001;3902;3805;3711;3619;3529;3442;3356;3426;3383;2902;3164;3427;3535;3618;3593;3788;3905;3996;3846;3883;4172;4509;4556;4409;4304;4206;4270;4337;3775;3535;3378;3485;3485;3551;3454;3312;3231;3432;3703;4001;4331;4533;4872;5153;5041;5166;5071;5163;5197;5124;5270;5140;4837;5143;5208;5344;5542;5808;6054;6336;6545;6816
Haiti;2155;2177;2199;2222;2244;2267;2261;2274;2271;2270;2281;2278;2367;2252;2394;2256;2408;2222;2351;2196;2292;2154;2312;2116;2024;2003;1949;1869;1902;1922;1970;2076;2130;2204;2322;2249;2421;2412;2507;2666;2848;2727;2588;2559;2515;2469;2414;2346;2314;2290;2242;2208;1873;1799;1621;1672;1710;1726;1733;1748;1734;1688;1657;1637;1557;1562;1576;1607;1600;1628;1518;1580;1603;1648;1670;1710
Holy See;;;;;;;;;;;;;;;;;;;;;;;;;;;;;;;;;;;;;;;;;;;;;;;;;;;;;;;;;;;;;;;;;;;;;;;;;;;;
Honduras;2154;2110;1878;1863;1858;2249;2361;2453;2446;2405;2407;2460;2478;2593;2369;2353;2460;2490;2483;2461;2526;2501;2551;2549;2583;2703;2756;2805;2864;2781;2771;2778;2775;2803;3089;3061;3266;3488;3700;3738;3616;3557;3373;3233;3241;3261;3170;3240;3288;3304;3205;3219;3308;3423;3293;3344;3385;3475;3500;3362;3483;3505;3563;3651;3801;3952;4128;4297;4391;4200;4270;4345;4131;4154;4214;4270
Hong Kong, China;2958;2997;3037;3077;3118;3160;3202;3246;3290;3335;3381;3494;3615;3736;3864;3997;4135;4276;4424;4576;4736;4900;5515;6164;6530;7280;7340;7278;7363;8065;8596;9017;9788;10755;10744;10602;12001;13230;14110;14913;16005;17086;17302;18027;19648;19539;21391;23920;25660;26186;26974;28277;29789;31097;32240;32358;32272;33636;31394;31875;34017;33956;34366;35487;38274;40923;43521;45937;46635;45390;48108;50086;50347;51656;52552;53874
Hungary;5850;5893;6199;5555;4977;4459;3994;4141;5168;5562;5893;6439;6633;6724;6914;7483;7115;7795;8317;8641;9087;9539;9939;10492;11083;11173;11809;12475;12612;12973;12917;13471;13736;14420;14746;14991;14970;15853;16199;16209;16369;16500;17122;16989;17485;17103;17493;17811;18395;18077;16930;14926;14474;14407;14852;15095;15126;15667;16365;16943;17707;18411;19292;20079;21087;22029;22938;23091;23334;21839;22062;22524;22306;22708;23609;24200
Iceland;5373;6087;7013;7387;7986;8487;8702;9451;9452;9085;8670;8350;8120;9169;9821;10548;10575;10295;10896;10865;10993;10801;11489;12447;13450;14173;15166;14734;13752;13983;14937;16687;17413;18360;19123;19023;19978;21583;22659;23523;24580;25312;25455;24594;25356;25997;27379;29335;28780;28629;28666;28272;26977;27055;27789;27671;28839;30009;31601;32521;33599;34403;34252;34938;37482;39108;39818;42598;42294;39979;38809;39619;39925;40958;41237;42182
India;1081;1079;1054;1075;1043;1007;937;924;917;922;908;908;912;947;962;963;993;959;1005;1002;1048;1051;1046;1071;1125;1053;1037;1096;1095;1141;1170;1154;1125;1151;1139;1212;1201;1266;1305;1211;1270;1322;1334;1412;1436;1462;1493;1525;1649;1723;1777;1760;1821;1871;1959;2069;2186;2235;2332;2496;2548;2628;2684;2850;3029;3262;3514;3806;3901;4177;4547;4787;4967;5244;5565;5903
Indonesia;2053;2048;1505;1336;1066;940;972;1075;1249;1363;1443;1527;1541;1587;1665;1701;1664;1779;1643;1696;1737;1791;1772;1668;1694;1682;1666;1602;1741;1920;2082;2162;2351;2637;2679;2612;2797;2946;3026;3111;3314;3445;3254;3294;3461;3489;3646;3775;3940;4234;4548;4868;5131;5412;5727;6111;6478;6683;5721;5684;5878;6005;6186;6389;6615;6892;7168;7516;7856;8108;8498;8907;9327;9729;10099;10504
Iran;3051;3134;3219;3306;3394;3485;3577;3672;3768;3867;3968;3881;3796;3717;3635;3554;3783;4211;4591;4863;5203;5505;5472;5921;6188;6768;7252;7862;8816;9709;10467;11475;13019;13782;14316;14690;16697;16033;13827;12312;10366;9691;10715;11655;11274;11047;9675;9335;8626;8753;9511;10502;10792;10500;10344;10477;11043;11216;11311;11327;11719;11977;12712;13454;13975;14452;15127;15903;15955;16123;16980;17425;16068;15552;15573;15573
Iraq;2572;2612;2653;2694;2736;2779;2822;2866;2910;2955;3001;3178;3423;4678;5410;5045;5242;5045;5465;5528;5989;6480;6599;6278;6805;7178;7306;6898;7852;7846;7555;7785;7354;8648;9508;10522;11920;11575;13210;16718;16614;13478;12681;10779;10666;10711;11057;13010;13153;11519;11212;3921;5048;6379;6420;6353;6834;8027;10490;11958;11764;11684;10567;6873;10311;10489;11271;11157;11616;11992;12330;13248;14545;15368;14018;14646
Ireland;5412;5423;5434;5444;5455;5407;5476;5559;5818;6142;6241;6417;6607;6808;6905;7147;7116;7159;7089;7409;7869;8297;8544;8899;9215;9350;9416;9933;10722;11331;11551;11850;12440;12834;13176;13703;13691;14631;15499;15734;16078;16425;16640;16502;17116;17606;17546;18385;19420;20665;22468;22770;23371;23881;25156;27439;29695;32568;34985;38122;41198;42686;44423;44998;46205;47775;49048;50001;47713;44222;43860;44913;44673;44640;46633;47758
Isle of Man;;;;;;;;;;;;;;;;;;;;;;;;;;;;;;;;;;;;;;;;;;;;;;;;;;;;;;;;;;;;;;;;;;;;;;;;;;;;
Israel;2064;2334;2765;2873;2947;3031;3304;3448;3612;3782;3961;4435;4247;4075;4718;5167;5382;5557;5712;6249;6464;6915;7279;7719;8152;8630;8504;8535;9634;10562;11062;11878;12903;13110;13606;13751;13626;13324;13656;14159;14768;15245;15265;15501;15310;15542;16015;16871;16906;16743;17152;17394;17749;18244;19010;22550;23240;23544;24009;24263;25739;25167;24650;24470;25256;25891;26908;28091;28562;28419;29509;30183;30518;30927;31180;31590
Italy;6619;6434;6403;6014;5087;3957;4940;5610;5906;6050;6381;6736;7023;7421;7710;8117;8420;8816;9182;9686;10276;10973;11555;12094;12343;12599;13279;13997;14929;15735;16450;16680;17160;18390;19085;18469;19699;20050;20882;22146;22861;23113;23385;23664;24842;25646;26242;27304;28879;30152;30746;31198;31437;31149;31813;32731;33143;33733;34269;34798;36073;36692;36729;36622;36962;37130;37761;38125;37475;35260;35753;35901;34813;33827;33078;33297
Jamaica;1923;1928;1933;2297;2597;2937;3321;3052;2928;2808;2693;2872;3064;3449;3795;4132;4483;5057;5041;5214;5447;5549;5591;5663;5965;6304;6424;6522;6734;7132;7880;7769;7862;8398;7929;7782;7196;6952;6912;6688;6243;6310;6268;6375;6288;5969;6041;6481;6641;7056;7391;7697;7792;8463;8514;8644;8531;8354;8086;8115;8139;8197;8349;8500;8651;8803;8954;9047;8951;8526;8370;8485;8521;8607;8462;8606
Japan;3888;3877;3796;3792;3567;1802;1930;2055;2297;2392;2549;2728;3015;3168;3280;3464;3646;3843;3996;4288;4756;5276;5686;6106;6741;7048;7724;8454;9439;10548;14203;14673;15694;16731;16320;16632;17117;17705;18484;19346;19741;20413;20951;21446;22268;23554;24116;25018;26724;28077;29550;30437;30610;30587;30746;31224;31958;32391;31656;31535;32193;32230;32248;32721;33483;33916;34468;35183;34800;32880;34404;34316;34988;35614;35635;36162
Jersey;;;;;;;;;;;;;;;;;;;;;;;;;;;;;;;;;;;;;;;;;;;;;;;;;;;;;;;;;;;;;;;;;;;;;;;;;;;;
Jordan;2620;2661;2703;2745;2788;2832;2876;2920;2965;3010;3056;3120;3180;3241;3301;3005;3961;3900;4119;4247;4330;4994;4876;4935;5556;5937;5855;5711;4994;5182;4478;4421;4401;4462;4681;4824;5781;5941;6939;7313;8357;8397;8657;8493;8884;8859;9318;9244;8844;7637;7057;6426;7242;7242;7312;7516;7443;7481;7503;7566;7695;7903;8160;8292;8788;9293;9818;10386;10897;11243;11256;11292;11340;11405;11496;11752
Kazakhstan;4485;4404;4324;4245;4168;4092;4018;4467;5050;5519;5982;5910;6189;6353;6554;6994;7533;7558;7988;7763;8353;8680;8775;8450;9418;9836;10202;10546;11059;11115;11864;12067;12021;12914;13052;12857;13224;13301;13402;13115;12914;12816;12913;13100;13032;12922;13222;13166;13225;13242;12729;11258;10669;9751;8647;8079;8243;8517;8500;8813;9706;11035;12116;13198;14365;15619;17109;18419;18797;18527;19601;20772;21506;22470;23092;23468
Kenya;1643;1657;1672;1686;1700;1715;1730;1745;1760;1775;1790;2046;1877;1745;1838;1892;1934;1963;1913;1797;1887;1765;1852;1872;1922;1952;2114;2133;2064;2124;1948;2002;2029;2059;2082;2000;2004;2109;2214;2212;2249;2246;2242;2188;2144;2155;2226;2275;2332;2359;2376;2332;2239;2177;2168;2199;2227;2179;2194;2187;2143;2166;2120;2124;2173;2240;2319;2416;2358;2371;2503;2585;2631;2706;2776;2898
Kiribati;1323;1362;1402;1443;1485;1528;1573;1619;1666;1715;1765;1816;1869;1924;1980;2038;2097;2158;2221;2286;2353;2422;2492;2565;2639;2716;2796;2877;2961;3047;3136;2998;3295;3913;5582;5764;4131;3850;3798;3275;1774;1669;1792;1574;1651;1531;1510;1421;1633;1455;1453;1365;1388;1418;1468;1434;1500;1559;1702;1676;1804;1785;1763;1801;1826;1792;1683;1782;1803;1765;1729;1750;1772;1796;1822;1824
North Korea;1418;1438;1429;1450;1386;650;662;703;761;822;868;729;784;1018;1080;1146;1208;1322;1498;1452;1544;1624;1592;1577;1592;1630;1616;1646;1673;1643;1697;1699;1730;1751;1782;1844;1851;1884;1809;2015;1887;2073;2180;2138;2205;2121;2106;2142;2198;2257;2076;1973;1745;1619;1605;1442;1393;1230;1267;1377;1287;1368;1375;1405;1410;1464;1461;1392;1427;1407;1393;1397;1393;1392;1391;1390
South Korea;1322;1340;1331;1349;1289;605;616;654;707;764;807;753;809;1051;1070;1139;1130;1226;1233;1212;1178;1201;1182;1305;1380;1416;1563;1621;1774;1998;2142;2427;2760;3326;3673;4108;4614;4964;5373;5505;4899;5159;5483;6078;6612;6970;7996;9096;10233;11002;12087;13130;13744;14466;15577;16798;17835;18687;17493;19233;20757;21536;23008;23566;24628;25541;26734;28063;28650;28716;30440;31327;31901;32684;33629;34644
United Korea (former);;;;;;;;;;;;;;;;;;;;;;;;;;;;;;;;;;;;;;;;;;;;;;;;;;;;;;;;;;;;;;;;;;;;;;;;;;;;
Kosovo;;;;;;;;;;;;;;;;;;;;;;;;;;;;;;;;;;;;;;;;;;;;;;;;;;;15393;10929;7666;5429;5166;5403;5762;6137;5604;4353;4648;5898;5853;6198;6356;6735;6982;7431;7566;7756;7949;8227;8387;8613;8810;9021
Kuwait;1538;1552;1566;1581;1595;1610;1625;2091;2692;3466;4462;5745;7395;9521;10545;11679;12935;14325;15866;17572;19461;21554;23871;26437;29279;32427;35912;39772;44047;48781;54023;63583;62371;59388;115159;91796;92442;87987;81146;109863;108146;85525;67708;65168;63619;58143;42858;47974;40807;46363;37521;18820;50924;69683;75577;82268;82811;82227;80971;75316;75219;72922;72630;82466;88010;92665;94642;94915;91966;81025;75365;79102;81080;79395;83394;82633
Kyrgyz Republic;1902;1937;1974;2011;2049;2087;2126;2166;2207;2248;2290;2335;2381;2428;2476;2524;2574;2624;2676;2728;2782;2836;2892;2948;3006;3065;3125;3186;3249;3312;3377;3443;3510;3579;3573;3567;3561;3555;3549;3542;3536;3530;3524;3518;3512;3506;3499;3493;3487;3481;3475;3150;2681;2266;1812;1696;1790;1939;1950;1991;2075;2164;2144;2271;2401;2370;2418;2599;2791;2837;2790;2921;2870;3121;3169;3245
Lao;1123;1124;1125;1126;1127;1129;1130;1131;1132;1133;1134;1146;1158;1170;1181;1192;1201;1211;1221;1230;1239;1249;1259;1269;1280;1290;1301;1312;1323;1334;1346;1357;1369;1380;1390;1400;1435;1462;1486;1521;1553;1578;1589;1597;1605;1616;1618;1619;1620;1621;1622;1644;1686;1736;1828;1908;1993;2084;2123;2237;2327;2424;2533;2651;2780;2930;3126;3298;3483;3668;3901;4133;4381;4667;4925;5212
Latvia;2954;2899;2845;2792;2740;2689;2639;2932;3313;3619;3921;3872;4053;4158;4288;4574;4924;4938;5217;5068;5450;5661;5720;5506;6134;6403;6639;6859;7190;7222;7706;7834;7801;8376;8712;9235;9629;9810;10003;10481;10844;11237;11434;11957;12572;12448;12959;13182;13770;14466;13383;11735;8057;7792;8081;8110;8408;9238;9912;10208;10859;11787;12782;14020;15437;17192;19367;21438;20977;18300;18148;19405;20597;21699;22460;23282
Lebanon;5669;5865;6066;6271;6481;6696;6915;7140;7369;7603;7842;6946;7284;8274;9368;9980;9610;9638;8150;8710;8805;9242;9446;9370;9767;10545;11047;10320;11391;11422;11978;12871;14207;14597;14773;10242;4303;7403;7589;8585;9098;9165;5811;7026;10182;12739;12021;14077;10186;5891;7734;10497;10699;11136;11729;12254;12726;12347;12703;12475;12335;12356;12199;11998;12348;12258;12171;13122;14158;15393;16263;16431;16633;16623;16794;17050
Lesotho;423;423;423;423;424;424;424;424;424;424;424;442;448;458;476;483;493;503;513;518;546;541;613;669;711;708;707;767;748;741;742;659;768;949;984;882;1002;1149;1339;1162;1100;1081;1090;1079;1101;1113;1144;1124;1202;1248;1301;1326;1395;1413;1461;1466;1520;1563;1572;1563;1629;1684;1680;1747;1775;1810;1873;1947;2041;2091;2235;2301;2390;2473;2494;2598
Liberia;1131;1139;1148;1156;1165;1173;1181;1190;1198;1207;1215;1247;1247;1257;1287;1288;1294;1301;1295;1326;1323;1310;1282;1268;1287;1298;1348;1386;1399;1446;1486;1507;1507;1510;1505;1394;1408;1370;1397;1408;1268;1168;1138;1055;1015;971;947;959;988;1020;503;439;290;197;153;142;151;289;346;397;473;557;718;474;441;470;499;555;588;643;689;729;782;875;934;958
Libya;4599;4656;4714;4773;4833;4893;4954;5015;5078;5141;5205;5671;5965;5936;5783;7113;8467;8625;9271;9764;12271;13113;16919;22194;30463;37902;43467;47050;60948;66299;67491;61707;52706;50828;41433;42903;51382;55104;56017;61213;59420;45426;44043;40280;35408;35825;30572;25010;23850;24458;26928;30431;28944;27251;27202;23363;23533;22977;22502;22235;22682;21933;21390;23808;24489;26967;28256;29553;29853;29182;30261;11358;23032;19760;14887;17261
Liechtenstein;;;;;;;;;;;;;;;;;;;;;;;;;;;;;;;;;;;;;;;;;;;;;;;;;;;;;;;;;;;;;;;;;;;;;;;;;;;;
Lithuania;5073;4982;4893;4806;4720;4636;4553;5063;5726;6259;6786;6707;7025;7213;7444;7946;8561;8591;9083;8831;9503;9879;9989;9623;10728;11208;11628;12024;12613;12679;13539;13774;13725;14749;15047;14961;15533;15770;16039;15843;15747;15774;16042;16428;16497;16510;17052;17140;17378;17564;17041;16038;12629;10615;9599;10115;10606;11360;12200;12002;12484;13314;14268;15709;16913;18256;19923;22396;23223;20003;20758;22530;23711;24732;25708;26665
Luxembourg;12656;13167;13698;14250;14825;15423;16045;16692;17365;18065;18793;17504;18535;19082;18757;19501;20392;21516;21591;21558;22285;23005;23148;23269;25235;25359;25371;25163;26273;29081;29363;29877;31508;33777;34948;32351;32993;33506;34756;35697;35908;35680;36047;37142;39480;40621;44557;46150;50010;54556;56922;61019;61310;63033;64557;64568;64660;67646;71147;76102;81425;82071;83876;83849;86738;88944;91810;96245;95001;88284;91147;91469;89153;88850;88203;88314
Macao, China;2849;2929;3010;3094;3181;3269;3360;3454;3550;3649;3751;4019;4307;4616;4946;5300;5680;6086;6522;6989;7489;8025;8599;9214;9874;10580;11337;12148;13016;13947;14945;15652;16555;17630;18840;20157;21539;23048;24617;25900;27185;28326;28386;29963;31151;30019;30662;33648;34855;35328;36984;37340;41375;42708;43778;44465;43547;42700;40077;38504;40091;40672;43688;48470;60450;64277;71760;79813;80191;79361;98722;117188;125515;136540;142893;148374
Macedonia, FYR;2280;2261;2243;2225;2206;2188;2170;2153;2535;2750;2542;2610;2377;2697;2813;2955;2865;3315;3425;3812;4017;4159;4197;4592;4987;5075;5300;5347;5417;5978;6221;6881;7057;7235;8100;8033;8207;8727;9133;9682;10094;10216;10229;10264;10471;10505;10885;10717;10524;10350;9563;8995;8454;7878;7779;7700;7759;7805;7983;8242;8543;8229;8314;8473;8848;9247;9704;10319;10872;10824;11179;11431;11370;11664;12096;12547
Madagascar;1559;1591;1624;1658;1692;1727;1763;1799;1837;1875;1913;1956;1999;2041;2083;2126;2169;2211;2254;2295;2284;2288;2296;2230;2273;2218;2218;2293;2398;2436;2509;2551;2463;2346;2339;2314;2187;2184;2074;2218;2177;1936;1850;1814;1700;1691;1657;1646;1626;1645;1661;1510;1482;1468;1422;1402;1388;1394;1404;1424;1446;1487;1259;1342;1371;1393;1421;1468;1528;1426;1390;1372;1374;1369;1371;1400
Malawi;355;355;355;355;355;355;355;355;355;355;355;363;371;380;388;387;410;418;424;429;430;441;429;411;391;433;464;496;477;494;489;545;585;616;639;643;649;662;703;714;698;606;600;609;612;614;594;554;540;535;540;575;527;576;514;593;625;633;639;640;632;585;580;596;609;609;604;641;674;713;737;747;740;757;778;799
Malaysia;2344;2277;3084;2828;2593;2377;2179;1997;2218;2872;2933;2715;2780;2726;2827;2776;2868;2776;2702;2811;2937;3061;3152;3220;3338;3491;3578;3552;3774;3902;4051;4252;4468;5000;5255;5182;5699;6028;6414;6785;7183;7517;7779;8065;8488;8198;8101;8333;8860;9476;10159;10832;11491;12309;13107;14035;15051;15749;14231;14748;15695;15443;15950;16550;17342;17929;18582;19394;19968;19320;20398;21096;21920;22589;23579;24320
Maldives;868;870;871;873;874;876;877;879;880;882;883;904;925;947;969;992;1016;1039;1064;1089;1114;1140;1167;1194;1222;1251;1280;1310;1341;1372;1404;1446;1449;1439;1486;1334;1309;1418;1584;1706;1968;2141;2020;2284;2817;3091;3279;3461;3648;3866;4363;4555;4699;4850;5037;5264;5602;6120;6564;6950;7134;7247;7540;8452;9511;8619;10157;11040;12029;11096;11674;12694;12637;13353;14095;14408
Mali;641;642;643;644;644;645;646;647;648;648;649;660;672;684;695;707;719;732;744;757;764;754;744;779;799;795;811;821;834;813;844;855;880;839;801;891;990;1043;1003;1227;1068;1016;943;969;996;1001;1047;1048;1028;1113;1100;1095;1159;1106;1087;1126;1132;1178;1217;1265;1269;1382;1397;1456;1442;1483;1560;1576;1602;1622;1664;1658;1603;1589;1653;1684
Malta;2356;2378;2400;2422;2444;2466;2489;2512;2535;2558;2582;2605;2629;2653;2678;2702;2727;2752;2777;2803;2828;2860;2767;2773;2830;3015;3325;3541;3885;4121;4631;4780;5080;5574;6092;7201;8275;9040;9767;10563;11200;11566;11912;11996;12324;12888;13253;13660;14683;15750;16596;17459;18100;18732;19616;20720;21373;22344;23347;24330;25841;24685;25191;25059;24766;25510;25983;27001;27872;26888;27906;28178;28271;28822;29508;30265
Marshall Islands;1082;1107;1133;1160;1187;1215;1244;1273;1303;1334;1365;1398;1430;1464;1498;1534;1570;1607;1644;1683;1723;1763;1804;1847;1890;1935;1980;2026;2074;2123;2172;2223;2275;2329;2567;2464;2383;2360;2412;2380;2125;2169;2139;2378;2332;2167;2531;2733;2862;2776;2950;2881;3030;3169;3321;3562;3172;2950;2854;2777;2936;3092;3174;3183;3183;3272;3333;3454;3378;3316;3514;3510;3672;3776;3638;3661
Martinique;;;;;;;;;;;;;;;;;;;;;;;;;;;;;;;;;;;;;;;;;;;;;;;;;;;;;;;;;;;;;;;;;;;;;;;;;;;;
Mauritania;1068;1079;1090;1102;1113;1125;1137;1148;1160;1172;1184;1224;1264;1304;1345;1388;1431;1474;1516;1561;1672;1941;1882;1752;2254;2542;2531;2592;2791;2717;2964;2957;2958;2739;2981;2753;2932;2852;2797;2879;2942;2998;2881;2962;2692;2710;2800;2822;2861;2899;2800;2772;2745;2824;2660;2838;2916;2717;2711;2834;2738;2709;2646;2721;2792;2955;3413;3412;3356;3233;3299;3357;3470;3579;3718;3877
Mauritius;2140;2170;2201;2232;2264;2296;2329;2362;2395;2429;2464;2519;2512;2518;2579;2584;2596;2620;2621;2702;2800;3352;3288;3679;3334;3359;3168;3247;2973;3080;3023;3133;3408;3797;4155;4110;4720;4954;5061;5153;4560;4760;4965;4942;5132;5447;5944;6493;6883;7128;7568;7819;8219;8535;8764;9062;9471;9885;10375;10512;11349;11549;11711;12052;12665;12747;13188;13901;14615;15020;15599;16179;16651;17146;17731;18350
Mayotte;;;;;;;;;;;;;;;;;;;;;;;;;;;;;;;;;;;;;;;;;;;;;;;;;;;;;;;;;;;;;;;;;;;;;;;;;;;;
Mexico;3165;3391;3492;3530;3725;3744;3892;3923;3981;4094;4392;4601;4647;4522;4840;5107;5305;5549;5678;5679;5970;6082;6181;6486;7045;7283;7559;7795;8183;8441;8757;8810;9253;9694;9960;10234;10391;10456;11118;11912;12716;13501;13126;12384;12546;12562;11923;11894;11817;12079;12479;12738;12925;13172;13516;12491;12979;13634;14033;14177;14704;14411;14243;14268;14700;14961;15516;15805;15826;14893;15460;15887;16320;16346;16496;16850
Micronesia, Fed. Sts.;954;973;993;1013;1033;1054;1076;1097;1120;1142;1165;1189;1213;1238;1263;1288;1314;1341;1368;1395;1424;1452;1482;1512;1542;1573;1605;1637;1670;1704;1738;1760;1774;2377;2735;2709;2667;2662;2726;2692;2417;2565;2418;2392;2229;2529;2663;2656;2756;2715;2763;2894;2933;3094;3016;3185;3063;2873;2966;3018;3167;3230;3256;3320;3220;3301;3312;3262;3197;3243;3337;3412;3428;3286;3475;3510
Moldova;2072;2030;1989;1949;1910;1872;1834;2035;2296;2504;2708;2670;2791;2859;2943;3134;3369;3373;3558;3451;3706;3847;3885;3738;4162;4342;4499;4646;4868;4887;5212;5295;5270;5656;5765;5727;5941;6027;6124;6044;6002;6008;6104;6246;6266;6266;6466;6494;6578;6643;6440;5395;3822;3780;2620;2596;2466;2515;2353;2276;2329;2476;2676;2860;3080;3318;3487;3603;3890;3661;3925;4179;4151;4542;4754;4896
Monaco;9355;9517;9682;9849;10020;10193;10370;10549;10732;10917;11106;11598;12111;12646;13206;13790;14399;15036;15701;16395;17120;17876;18666;19491;20352;21251;22190;23170;24194;25262;26378;27552;28604;30259;31395;30908;32119;33121;34303;35387;35840;36006;36699;36942;37292;37734;38455;39209;40801;42283;43173;43365;43703;43063;43791;44514;44836;45690;47144;48523;50200;50855;51060;51275;52196;52761;54636;60930;59857;53735;54146;58081;58081;57886;61738;63472
Mongolia;805;810;816;821;826;831;837;842;847;853;858;886;919;950;984;1018;1053;1091;1128;1167;1208;1249;1291;1337;1383;1431;1479;1532;1584;1637;1695;1731;1748;1854;1886;1949;1975;2121;2167;2211;2502;2223;2587;2911;3256;3188;3359;3573;3694;3609;5122;4606;4132;3966;4020;4244;4304;4435;4544;4643;4655;4748;4925;5216;5706;6047;6480;7046;7563;7357;7708;8905;9851;10833;11509;11819
Montenegro;3598;3573;3549;3525;3501;3477;3454;3430;4046;4394;4068;4182;3814;4334;4526;4761;4622;5356;5541;6176;6517;6756;6828;7479;8135;8288;8667;8756;8882;9816;10228;11328;11634;11943;13388;13294;13601;14481;15175;16108;16814;17041;17085;17165;17534;17613;18274;18015;17714;17442;16136;14269;10808;6780;6788;7635;9559;9978;10482;9506;9803;9871;10019;10228;10659;11090;12025;13288;14183;13352;13656;14082;13712;14156;14358;14833
Montserrat;;;;;;;;;;;;;;;;;;;;;;;;;;;;;;;;;;;;;;;;;;;;;;;;;;;;;;;;;;;;;;;;;;;;;;;;;;;;
Morocco;1649;1688;1729;1769;1811;1853;1897;1941;1985;2031;2077;2088;2097;2115;2132;2148;2108;2067;2027;1987;1948;1971;1994;2017;2040;2064;2130;2198;2267;2338;2411;2484;2492;2530;2616;2737;2979;3066;3096;3176;3402;3250;3502;3392;3443;3566;3750;3576;3849;3845;3901;4119;3930;3825;4197;3870;4325;4177;4448;4414;4430;4710;4815;5067;5259;5363;5725;5825;6091;6313;6466;6698;6777;6967;7040;7319
Mozambique;436;437;438;439;440;440;441;442;443;444;445;454;464;473;476;497;492;494;508;526;528;533;559;528;540;542;548;573;623;682;703;734;738;759;683;570;527;515;504;496;499;498;477;437;420;379;383;405;441;461;462;473;435;455;468;465;485;520;562;592;583;634;671;692;732;774;801;835;864;893;930;974;1017;1064;1115;1176
Myanmar;1357;1295;1098;931;789;794;804;813;823;833;842;954;963;977;905;1011;1064;1112;1067;1215;1238;1250;1339;1356;1358;1371;1292;1306;1369;1401;1438;1458;1441;1409;1456;1490;1554;1620;1700;1751;1864;1935;2002;2050;2110;2131;2072;1956;1709;1749;1775;1741;1784;1809;1839;1868;1895;1919;1944;1998;2069;2129;2196;2276;2351;2339;2593;2846;2891;2979;3077;3181;3346;3526;3727;4012
Namibia;3289;3340;3392;3445;3499;3554;3609;3665;3722;3781;3839;3871;3901;3960;4086;4121;4175;4233;4247;4384;4682;4618;5141;5516;6254;6509;6590;6165;6060;6112;5981;5972;6106;6136;6182;6022;6124;6337;6619;6703;6824;6933;6871;6491;6219;6069;6077;6072;5961;6120;5717;5970;6198;5921;5850;5900;5906;5971;5991;6035;6111;6076;6279;6470;7184;7279;7696;8095;8169;8090;8433;8715;8995;9275;9506;10040
Nauru;2850;2978;3113;3253;3399;3552;3712;3879;4053;4236;4426;5030;5716;6496;7383;8390;9534;10835;12312;13992;15900;18069;20533;23333;26515;30130;34239;38908;44213;50241;57091;57651;58255;58928;59703;60605;58213;55977;53855;51777;49699;47624;45567;43533;41518;39538;37601;35725;33929;32233;30647;24303;19946;16430;15564;14177;12418;10988;9952;9308;8671;8076;7257;7261;6936;6097;4897;4925;9657;7920;9523;10879;13071;13568;15227;16686
Nepal;836;833;831;828;825;822;819;817;814;811;808;822;840;881;889;896;925;914;954;968;976;984;991;997;1002;1007;1057;1020;1007;1031;1036;1002;1010;982;1019;1009;1027;1031;1049;1045;994;967;1059;1000;1068;1104;1120;1134;1190;1186;1240;1287;1306;1321;1393;1405;1443;1478;1487;1517;1577;1619;1591;1626;1675;1708;1741;1779;1866;1929;1999;2044;2118;2173;2265;2352
Netherlands;7840;7327;6617;6398;4233;4281;7142;8093;8802;9284;9516;9593;9639;10340;10930;11566;11939;12151;11859;12256;13223;13448;13854;14148;15204;15834;16109;16824;17827;18892;19800;20555;21024;22010;22873;22849;23837;24436;25044;25473;25857;25704;25403;25919;26781;27544;28417;28937;29915;31240;32534;33066;33377;33562;34348;35244;36152;37414;38816;40306;41771;42130;41848;41761;42389;43243;44823;46605;47388;45590;45843;46388;45484;45021;45281;45784
Netherlands Antilles;;;;;;;;;;;;;;;;;;;;;;;;;;;;;;;;;;;;;;;;;;;;;;;;;;;;;;;;;;;;;;;;;;;;;;;;;;;;
New Caledonia;;;;;;;;;;;;;;;;;;;;;;;;;;;;;;;;;;;;;;;;;;;;;;;;;;;;;;;;;;;;;;;;;;;;;;;;;;;;
New Zealand;10673;10387;11465;11753;11657;11765;12166;13336;11782;12794;14391;13032;13281;13388;14907;14883;15358;15441;15688;16454;16179;16664;16646;17340;17837;18632;19467;18309;18082;19745;19200;19871;20349;21342;22131;21467;21749;20623;20707;21144;21259;22191;22436;22808;23698;23750;24180;24222;24060;24206;24021;22636;22651;23830;24716;25476;25984;26152;26077;27371;27963;28752;29637;30404;31098;31798;32281;32928;32122;31723;31824;32283;32806;33360;33538;34186
Ngorno-Karabakh;;;;;;;;;;;;;;;;;;;;;;;;;;;;;;;;;;;;;;;;;;;;;;;;;;;;;;;;;;;;;;;;;;;;;;;;;;;;
Nicaragua;3019;3261;3065;3282;3175;3118;3278;3184;3389;3228;3527;3651;4140;4110;4356;4503;4360;4580;4450;4373;4292;4466;4793;5143;5559;5892;5890;6097;5981;6173;6031;6120;6128;6249;6914;6680;6796;7137;6433;4575;4577;4658;4493;4593;4390;4112;3934;3808;3295;3159;3025;2948;2888;2807;2833;2934;3057;3117;3175;3342;3424;3474;3452;3493;3632;3740;3846;3998;4060;3896;3966;4154;4304;4432;4574;4712
Niger;883;891;899;907;916;924;932;941;949;958;967;989;1011;1032;1054;1077;1099;1121;1144;1167;1220;1248;1355;1461;1437;1517;1469;1448;1432;1362;1376;1426;1325;1077;1148;1093;1077;1135;1260;1320;1353;1337;1291;1237;1004;997;1018;958;988;965;924;918;830;814;818;811;809;802;854;819;778;804;798;811;782;788;804;799;843;806;841;828;891;897;923;943
Nigeria;2254;2298;2343;2389;2436;2483;2532;2581;2631;2683;2735;2843;2971;2981;3141;3106;2975;2975;3090;3151;3810;3551;3585;3788;3803;3524;3252;2666;2610;2988;3483;3889;3928;4042;4381;4044;4288;4415;4040;4192;4250;3598;3474;3221;3081;3258;2901;2526;2650;2753;3030;2936;2875;2863;2817;2740;2805;2813;2818;2761;2836;2888;2922;3144;4098;4130;4353;4528;4684;4874;5114;5217;5291;5423;5607;5727
Niue;;;;;;;;;;;;;;;;;;;;;;;;;;;;;;;;;;;;;;;;;;;;;;;;;;;;;;;;;;;;;;;;;;;;;;;;;;;;
Norfolk Island;;;;;;;;;;;;;;;;;;;;;;;;;;;;;;;;;;;;;;;;;;;;;;;;;;;;;;;;;;;;;;;;;;;;;;;;;;;;
Northern Cyprus;;;;;;;;;;;;;;;;;;;;;;;;;;;;;;;;;;;;;;;;;;;;;;;;;;;;;;;;;;;;;;;;;;;;;;;;;;;;
Northern Mariana Islands;;;;;;;;;;;;;;;;;;;;;;;;;;;;;;;;;;;;;;;;;;;;;;;;;;;;;;;;;;;;;;;;;;;;;;;;;;;;
Norway;8349;8519;8151;7944;7475;8308;9069;10196;10804;11002;11452;11986;12316;12707;13247;13438;14054;14379;14285;14797;15542;16425;16793;17347;18118;18980;19588;20686;21022;21845;22186;23239;24308;25278;26252;27553;29117;30319;31348;32737;34346;34659;34704;35932;38057;40031;41450;42225;42101;42449;43296;44419;45742;46765;48850;50616;52892;55386;56502;57246;58699;59620;60152;60351;62370;63573;64573;65781;65216;63354;62946;62737;63620;63322;64020;64304
Oman;2525;2570;2616;2662;2709;2757;2806;2856;2907;2958;3010;3148;3293;3445;3599;3759;3930;4101;4288;4470;4654;4611;5428;5539;5419;5322;5472;8890;15768;19335;19472;19104;20283;16951;18360;22184;23966;22951;21418;21258;21463;23905;25439;28410;31842;34967;34510;36053;35924;36220;35076;35728;37147;37882;38131;39194;39990;42370;43621;43544;45472;46523;44628;41970;41220;41270;42933;44585;47799;49393;49188;45081;44060;41770;48201;48226
Pakistan;1349;1358;1337;1375;1345;1309;1226;1219;1218;1233;1176;1112;1091;1167;1167;1166;1171;1193;1180;1164;1191;1231;1286;1332;1396;1421;1497;1513;1577;1636;1758;1721;1690;1765;1781;1811;1864;1897;2002;2018;2155;2242;2333;2421;2458;2603;2689;2761;2853;2908;2961;3026;3174;3148;3183;3255;3324;3270;3266;3303;3366;3362;3405;3506;3698;3910;4076;4194;4187;4227;4220;4261;4337;4454;4619;4743
Palau;5196;5495;5812;6146;6500;6874;7270;7688;8131;8599;9093;9616;10170;10755;11373;12027;12719;13450;14223;15041;15905;16820;17786;18808;19889;21032;22240;23517;24868;26296;27806;26834;29574;35341;50678;53033;38702;36923;37331;33763;18154;16041;16263;15709;15695;13936;13607;13231;15764;16131;16913;15886;14474;12343;12882;13913;14978;14961;14930;13859;12894;13412;14242;13489;14363;14644;14298;14231;13492;11974;12113;13034;13532;13153;14078;14315
Panama;3299;3337;3375;3414;3453;3493;3564;3640;3350;3362;3172;3066;3149;3264;3303;3407;3496;3766;3719;3853;3970;4274;4502;4788;4852;5128;5352;5634;5873;6153;6345;6676;6843;7076;7046;6992;6941;6833;7372;7529;8486;8659;8957;8839;8624;8847;8954;8995;7445;7272;7463;7997;8476;8757;8823;8795;8857;9237;9713;9889;9954;9814;9836;10053;10605;11156;11886;13087;14033;14339;14921;16254;17627;18793;19637;20485
Papua New Guinea;898;904;910;916;922;929;935;941;947;954;960;975;989;1004;1020;1035;1051;1067;1083;1099;1116;1165;1217;1243;1324;1431;1484;1512;1545;1636;1774;1844;1904;1982;1989;1928;1824;1801;1915;1908;1822;1774;1736;1747;1697;1720;1756;1760;1767;1699;1607;1717;1907;2198;2270;2139;2245;2101;1969;1953;1856;1806;1758;1752;1756;1822;1819;1903;1982;2055;2163;2341;2476;2558;2510;2529
Paraguay;3364;3338;3449;3438;3428;3230;3465;2940;2904;3312;3013;2988;2858;2861;2832;2882;2925;2981;3067;2979;2928;2987;3113;3114;3163;3256;3203;3315;3339;3375;3487;3539;3618;3785;3977;4113;4284;4632;5022;5449;6087;6437;6038;5686;5692;5743;5566;5637;5825;5983;5985;6037;5988;6132;6306;6582;6536;6665;6527;6303;6031;5860;5742;5873;5994;6007;6180;6398;6684;6306;7008;7186;6975;7833;8038;8219
Peru;3948;3854;3672;3638;3853;3898;3951;3964;3997;4197;4419;4614;4701;4843;4821;5016;5076;5155;5007;4871;5366;5652;5875;5947;6155;6360;6681;6733;6459;6425;6719;6828;6853;7016;7186;7548;7452;7255;7067;7298;7443;7582;7437;6303;6449;6432;6923;7356;6609;5681;5280;5290;5160;5329;5875;6198;6260;6551;6418;6411;6485;6433;6693;6883;7137;7499;7975;8563;9249;9246;9915;10429;10913;11395;11514;11903
Philippines;2595;2256;1961;1705;1482;1289;1120;1519;1725;1782;1864;2006;2069;2190;2287;2376;2470;2529;2542;2637;2597;2663;2708;2814;2825;2886;2926;2992;3051;3104;3132;3212;3296;3494;3524;3624;3840;3947;4041;4154;4251;4295;4347;4333;3928;3559;3598;3670;3834;3982;4010;3891;3813;3804;3882;3973;4112;4230;4115;4151;4243;4275;4340;4465;4672;4804;4967;5205;5332;5304;5614;5721;6005;6326;6598;6876
Pitcairn;;;;;;;;;;;;;;;;;;;;;;;;;;;;;;;;;;;;;;;;;;;;;;;;;;;;;;;;;;;;;;;;;;;;;;;;;;;;
Poland;3696;3377;2978;2808;1809;1875;3203;3715;4134;4458;4670;4801;4832;5027;5224;5386;5530;5730;5923;6009;6248;6669;6511;6836;7078;7409;7818;8044;8473;8331;8705;9256;9854;10504;11020;11430;11605;11713;12033;11703;11307;10610;10420;10835;11138;11159;11429;11207;11418;11212;10088;9347;9553;9884;10386;11093;11776;12602;13225;13824;14565;14744;14964;15508;16314;16900;17959;19254;19996;20507;21328;22333;22740;23144;23952;24787
Portugal;2987;3231;3160;3341;3501;3337;3567;3831;3787;3806;3862;4013;4002;4256;4433;4585;4751;4928;4954;5180;5481;5786;6179;6503;6902;7413;7733;8324;9056;9269;10175;10920;11826;13148;13125;12142;12700;13361;13691;14430;15016;15153;15467;15426;15121;15533;16165;17189;18473;19424;20282;21216;21464;21000;21146;21975;22658;23555;24560;25371;26147;26468;26526;26180;26590;26744;27111;27732;27747;26895;27393;26932;25953;25677;26055;26437
Puerto Rico;4122;4214;4307;4402;4499;4598;4700;4804;4910;5018;5129;5277;5603;5913;6129;6342;6800;7107;7188;7758;8194;8809;9297;10065;10545;11308;11967;12616;13095;14000;15220;15924;16616;17507;17376;16656;17008;17799;18751;19579;19623;19654;18822;18699;19864;20081;21522;22375;23622;24572;25275;25311;26169;26949;27764;28629;29129;29770;31597;32088;32484;35607;36192;36600;37237;37503;37327;36298;35855;35199;34454;34121;33580;33818;33649;33604
Qatar;1097;1088;1079;1070;1061;1073;1084;1096;1108;1343;1628;1973;2486;3132;3945;4970;6261;7888;9937;12518;15769;19865;25024;31524;39711;50024;63016;79381;99995;125963;158673;160147;162805;165564;162379;160783;164858;145688;150718;148451;134862;122762;102308;90054;85422;76910;75482;71067;71568;73074;73402;70806;77977;76440;76944;77809;79461;100111;107276;107741;112238;112539;117133;115622;126335;119134;127563;126364;126076;122655;127984;133734;130990;131579;133563;132877
Reunion;;;;;;;;;;;;;;;;;;;;;;;;;;;;;;;;;;;;;;;;;;;;;;;;;;;;;;;;;;;;;;;;;;;;;;;;;;;;
Romania;3254;3153;3054;2957;2862;2769;2678;2589;2502;3034;3676;3933;4202;4475;4773;5062;5235;5417;5611;5829;6052;6429;6637;7087;7512;7959;8836;9190;9193;9492;9602;10824;11396;11648;12166;12563;13062;13207;13507;13769;13705;13523;13452;13281;13759;13673;13836;13471;13367;12872;11449;10059;9253;9406;9794;10516;10969;10329;9855;9752;9970;10684;11429;12105;13286;13941;15246;16442;18032;16947;16888;17363;17502;18182;18569;19203
Russia;5632;5530;5430;5331;5235;5140;5047;5611;6343;6932;7514;7424;7775;7981;8234;8787;9465;9496;10037;9755;10496;10908;11027;10620;11836;12363;12823;13256;13902;13972;14915;15170;15113;16236;16594;16530;17192;17487;17818;17632;17557;17619;17951;18417;18527;18576;19221;19355;19660;19906;19349;18332;15661;14320;12535;12013;11597;11779;11173;11925;13173;13902;14629;15768;16967;18118;19660;21374;22506;20739;21664;22570;23299;23561;23293;23038
Rwanda;517;518;519;519;520;521;522;522;523;524;525;544;551;560;580;586;595;604;607;627;631;601;669;588;506;528;549;572;596;642;691;679;662;663;675;777;740;752;798;846;920;948;990;1014;945;962;989;953;892;884;856;863;973;965;509;695;749;781;768;754;764;796;880;879;928;973;1038;1087;1173;1210;1262;1324;1400;1426;1485;1549
St. Barthlemy;;;;;;;;;;;;;;;;;;;;;;;;;;;;;;;;;;;;;;;;;;;;;;;;;;;;;;;;;;;;;;;;;;;;;;;;;;;;
St. Helena;;;;;;;;;;;;;;;;;;;;;;;;;;;;;;;;;;;;;;;;;;;;;;;;;;;;;;;;;;;;;;;;;;;;;;;;;;;;
St. Kitts and Nevis;3013;3049;3085;3122;3159;3196;3234;3273;3311;3351;3390;3430;3471;3512;3554;3596;3638;3681;3725;3769;3813;3858;3904;3950;3996;4043;4091;4139;4188;4237;4287;4601;4839;5034;5309;5453;5804;6196;6689;7348;7994;8124;8032;7992;8868;9496;10692;11726;12890;13940;14258;14253;14600;15395;15979;16362;17231;18190;18189;18904;19086;19746;19801;18995;19565;21064;21997;22327;22961;21416;20479;20582;20098;20620;21688;21896
St. Lucia;1343;1349;1355;1362;1368;1375;1382;1388;1395;1401;1408;1468;1530;1596;1663;1734;1808;1885;1965;2049;2136;2227;2321;2420;2523;2630;2742;2858;2979;3106;3238;3367;3425;3448;3613;3734;4381;4724;5010;5077;4728;4789;4873;5084;5365;5689;6545;6616;7436;7861;7979;8077;8536;8655;8677;8854;9213;9125;9574;9673;9980;9507;9413;9771;10455;10158;10858;10636;10843;10759;10515;10535;10275;10152;9917;9997
St. Martin;;;;;;;;;;;;;;;;;;;;;;;;;;;;;;;;;;;;;;;;;;;;;;;;;;;;;;;;;;;;;;;;;;;;;;;;;;;;
St. Vincent and the Grenadines;1988;2004;2021;2038;2054;2071;2089;2106;2123;2141;2158;2229;2301;2376;2454;2534;2616;2701;2789;2880;2974;3059;3127;2893;2963;2953;2919;2611;2749;2795;3059;3112;3867;3394;3056;2789;3041;3090;3419;3495;3529;3710;3853;3988;4185;4397;4640;4796;5434;5507;5726;5745;6166;6170;5983;6044;6127;6945;7310;7635;7571;7693;8168;8779;9126;9337;10038;10357;10517;10287;9935;9883;9997;10177;10131;10435
St.-Pierre-et-Miquelon;;;;;;;;;;;;;;;;;;;;;;;;;;;;;;;;;;;;;;;;;;;;;;;;;;;;;;;;;;;;;;;;;;;;;;;;;;;;
Samoa;2650;2681;2712;2744;2776;2808;2841;2874;2908;2942;2976;3011;3046;3081;3117;3153;3190;3227;3264;3302;3341;3379;3419;3458;3498;3539;3580;3621;3663;3706;3748;3792;3836;3880;3433;3273;3548;3493;3686;4149;3879;3517;3471;3477;3512;3636;3818;3815;3736;3847;3649;3539;3500;3608;3483;3686;3925;3929;3997;4066;4326;4601;4773;4958;5155;5335;5406;5711;5731;5418;5405;5675;5654;5502;5525;5558
San Marino;4893;5153;5428;5718;6022;6343;6681;7038;7413;7808;8224;8662;9123;9609;10121;10660;11228;11825;12455;13118;13817;14552;15327;16142;17001;17906;18859;19862;20919;22032;23203;23435;24202;25868;27188;26414;27950;28214;28618;29788;30324;30153;29887;29884;30499;31004;31535;32185;33173;33914;34215;34302;34112;36612;38698;41846;43518;44268;47258;51019;51350;53121;51953;52589;53723;53928;55241;56644;54401;47221;44525;43092;41105;39209;39614;40075
Sao Tome and Principe;1153;1157;1162;1167;1171;1176;1181;1185;1190;1195;1199;1198;1199;1202;1254;1129;1194;1186;1302;1169;1296;1397;1493;1586;1675;1759;1865;1949;2031;2115;2196;2267;2276;2272;2354;2426;2403;2883;2883;3266;3157;2777;2817;2668;2469;2653;2451;2330;2327;2350;2254;2235;2207;2190;2196;2197;2186;2164;2174;2186;2157;2188;2191;2291;2341;2321;2546;2524;2673;2701;2743;2801;2837;2876;2923;3003
Saudi Arabia;969;1002;1036;1071;1107;1145;1184;1371;1587;1838;2128;2465;2854;3305;3827;4432;5132;5942;6881;7968;9226;10684;12371;14325;16587;19207;22240;25752;29819;34527;39979;47016;52961;56842;89417;68111;80328;77548;71169;69720;72465;67447;55569;49634;44693;36344;35239;32136;32091;32281;35681;37688;38237;37182;36526;35870;36531;37060;37671;36746;37531;36387;34875;35859;37556;38892;39958;41464;44189;44276;45598;49230;50916;51294;52096;52469
Senegal;1405;1436;1468;1501;1534;1568;1603;1639;1675;1712;1750;1784;1816;1848;1880;1912;1943;1975;2005;2035;2032;2076;2096;2127;2118;2137;2135;2054;2127;1934;2041;1979;2046;1876;1899;1996;2129;2011;1874;1946;1826;1758;1965;1955;1810;1823;1855;1875;1914;1828;1856;1846;1813;1782;1731;1774;1764;1774;1834;1904;1916;1953;1915;1988;2049;2106;2099;2143;2162;2153;2182;2163;2174;2185;2206;2251
Serbia;4182;4133;4084;4036;3989;3942;3895;3849;4517;4881;4496;4598;4173;4718;4901;5129;4955;5712;5879;6518;6843;7057;7096;7733;8367;8481;8823;8867;8948;9837;10197;11234;11477;11721;13070;12910;13138;13914;14503;15313;15900;16028;15983;15972;16228;16214;16732;16406;16043;15712;14457;13278;9531;6622;6786;7167;7348;7899;8121;7161;7741;8141;8725;9134;9983;10568;11130;11833;12522;12180;12301;12572;12505;12889;12717;12908
Serbia and Montenegro;;;;;;;;;;;;;;;;;;;;;;;;;;;;;;;;;;;;;;;;;;;;;;;;;;;;;;;;;;;;;;;;;;;;;;;;;;;;
Serbia excluding Kosovo;;;;;;;;;;;;;;;;;;;;;;;;;;;;;;;;;;;;;;;;;;;;;;;;;;;;;;;;;;;;;;;;;;;;;;;;;;;;
Seychelles;3346;3472;3602;3737;3877;4023;4174;4330;4492;4661;4836;5106;5186;5275;5503;5482;5428;5540;5576;5715;6003;5520;5851;6240;6318;6184;6185;6051;6410;6242;6536;7402;7665;8204;8154;8277;8930;9401;9898;11366;10894;10311;10099;10039;10411;11392;11409;11470;12038;13200;14116;14351;15185;15893;15507;15097;15609;17272;18361;18341;18453;18018;17693;16832;16412;17803;19086;20968;20065;19765;20364;22556;23685;24805;25038;25684
Sierra Leone;1100;1096;1093;1089;1086;1082;1079;1075;1072;1068;1064;1105;1119;1140;1183;1202;1224;1246;1257;1303;1319;1317;1349;1345;1333;1399;1458;1419;1526;1630;1650;1601;1549;1563;1591;1600;1515;1500;1467;1513;1544;1598;1582;1518;1497;1415;1327;1356;1352;1341;1334;1361;1109;1135;1124;1041;1061;996;1006;969;1006;900;1087;1133;1154;1158;1185;1249;1289;1304;1347;1400;1582;1865;1959;2085
Singapore;5284;5260;5235;5211;5186;5160;5134;5108;5081;5055;5027;4753;3312;3963;4553;4198;4629;4116;4134;4656;4990;5520;5372;5722;5613;6141;6659;7331;8209;9207;10336;11389;12711;13889;14499;14743;15590;16589;17799;19252;20882;21889;22467;24095;25649;25245;25812;27957;30453;32597;34316;35583;36978;40213;43231;44884;46342;48528;45863;48271;51663;49809;51435;54515;58977;61921;65331;68375;65991;63644;72056;74949;75630;77721;78958;80794
Slovak Republic;5015;5046;5077;5108;5140;5172;5203;5236;5268;5558;5969;6007;6132;6040;6222;6681;7000;7356;7849;8136;8693;8955;9022;8792;9135;9405;9756;10134;10570;10790;10978;11302;11638;11945;12284;12546;12647;13122;13191;13217;13514;13392;13613;13781;14068;14144;14376;14416;14707;14802;14366;12223;11364;11536;12204;12879;13720;14525;15085;15039;15242;15778;16528;17433;18351;19549;21162;23416;24670;23334;24438;25066;25424;25759;26355;27204
Slovenia;4628;4589;4551;4512;4474;4436;4398;4361;5135;5568;5147;5282;4809;5456;5687;5973;5790;6698;6918;7697;8110;8393;8469;9262;10057;10231;10681;10773;10911;12039;12524;13849;14200;14555;16290;16150;16496;17536;18347;19444;20265;20506;20527;20591;21000;21062;21819;21476;21084;20729;19147;17370;16351;16748;17576;18240;18894;19887;20585;21655;22488;23115;23972;24639;25694;26677;28096;29878;30816;28157;28377;28492;27682;27368;28059;28550
Solomon Islands;796;809;823;837;851;865;880;895;910;926;941;957;973;990;1006;1023;1041;1058;1076;1094;1113;1132;1151;1170;1190;1210;1230;1251;1270;1195;1215;1200;829;892;1086;923;1014;1122;1181;1424;1293;1416;1407;1547;1514;1479;1718;1710;1723;1812;1793;1847;2024;2045;2171;2284;2257;2163;2142;2074;1731;1550;1468;1523;1557;1602;1672;1753;1835;1709;1787;1975;2024;2041;2030;2047
Somalia;930;937;943;950;956;963;969;976;983;990;997;1036;1050;1070;1111;1126;1145;1166;1175;1219;1210;1243;1272;1294;1131;1034;1155;1196;1190;1019;1083;1097;1256;1092;1065;1148;1027;1046;995;869;837;866;888;794;832;919;897;979;962;950;930;921;813;817;644;637;648;613;607;605;603;603;607;611;614;616;615;615;615;615;614;614;616;619;621;624
Somaliland;;;;;;;;;;;;;;;;;;;;;;;;;;;;;;;;;;;;;;;;;;;;;;;;;;;;;;;;;;;;;;;;;;;;;;;;;;;;
South Africa;6733;6837;6839;6787;6817;6789;6821;6690;6994;6880;7217;7316;7335;7435;7623;7752;7928;7978;7897;8001;8080;8175;8365;8701;9004;9255;9371;9720;9849;10156;10394;10654;10615;10813;11164;11120;11138;10874;10952;11132;11577;11845;11459;10927;11151;10699;10474;10459;10666;10670;10364;10049;9631;9546;9643;9730;9925;9952;9770;9766;9927;9988;10213;10382;10715;11133;11597;12052;12263;11903;12087;12291;12375;12454;12446;12509
South Ossetia;;;;;;;;;;;;;;;;;;;;;;;;;;;;;;;;;;;;;;;;;;;;;;;;;;;;;;;;;;;;;;;;;;;;;;;;;;;;
Spain;3643;3570;3756;3881;4047;3760;3914;3963;3957;3916;3993;4369;4701;4660;4987;5158;5546;5692;5904;5735;5792;6498;7206;7896;8611;9106;9700;10252;10767;11650;12233;12834;13790;14908;15885;16296;16818;17305;17707;17825;18119;18116;18358;18754;18970;19300;19881;20953;22036;23141;24126;24684;24831;24498;25015;25645;26270;27167;28238;29353;30647;31488;31866;32293;32745;33396;34206;34845;34676;33142;32994;32674;31971;31681;32270;32979
Sri Lanka;1824;1854;1913;1851;1658;1596;1498;1525;1642;1693;1764;1815;1838;1814;1807;1859;1821;1797;1799;1773;1785;1769;1782;1771;1809;1820;1755;1870;1961;1993;2044;1988;1994;2039;2074;2091;2118;2220;2318;2424;2514;2630;2718;2820;2924;3008;3115;3101;3138;3178;3340;3442;3561;3759;3915;4075;4184;4396;4550;4677;4946;4949;5111;5344;5559;5843;6223;6586;6907;7080;7572;8112;8856;9426;10043;10624
Sudan;1448;1480;1512;1546;1579;1614;1650;1686;1723;1760;1799;1838;1881;1920;1963;2007;2164;2081;2112;2303;2287;2230;2325;2202;2126;2220;2140;2022;2093;2167;2022;2106;2006;1785;1910;2091;2403;2687;2559;2213;2159;2137;2332;2233;2050;1850;1869;1871;1858;1961;1753;1830;1892;1918;1879;1934;1992;2142;2175;2183;2258;2338;2419;2533;2557;2672;2858;3097;3246;3259;3282;3524;3856;3903;3940;3975
Suriname;4711;4788;4866;4945;5025;5107;5190;5274;5359;5446;5534;5664;5797;5933;6071;6214;6359;6508;6660;6816;6975;7138;7305;7476;7650;7829;8012;8199;8390;8586;8786;9315;9776;10239;10609;9648;10622;11830;12569;11872;10836;11515;10888;10291;9935;11162;10842;9949;10724;11131;10625;10759;10588;9690;9873;9848;9839;10263;10283;10054;9908;10214;10502;10979;11836;12225;12553;13059;13470;13747;14325;14942;15254;15556;16649;17125
Svalbard;;;;;;;;;;;;;;;;;;;;;;;;;;;;;;;;;;;;;;;;;;;;;;;;;;;;;;;;;;;;;;;;;;;;;;;;;;;;
Swaziland;1174;1193;1212;1232;1251;1271;1292;1312;1333;1355;1376;1424;1437;1460;1508;1522;1544;1566;1573;1625;1804;1986;2348;2424;2713;3059;3112;3324;3092;3142;3971;3934;4302;4417;4786;4827;4851;4859;4842;4766;4723;4894;5031;4890;4821;4945;4943;5171;4823;4924;4844;4793;4835;4887;4909;5043;5125;5167;5189;5243;5257;5263;5320;5410;5533;5618;5733;5847;5887;5860;5862;5846;5910;5998;6058;6095
Sweden;8517;8278;8340;8598;8840;9088;9985;10787;10925;11278;11977;11890;12133;12221;12896;13177;13642;13956;14031;14598;15097;15998;16607;17228;18434;19142;19222;19709;20401;21168;22054;22277;22308;23232;25048;25353;25378;24567;24784;25827;26010;25869;26431;26808;27890;28202;29138;29889;30596;31161;30901;30340;29813;29028;30000;31044;31465;32360;33709;35208;36816;37292;37941;38702;40216;41184;42873;44005;43421;40820;42898;43709;43263;43448;44029;44892
Switzerland;14639;14403;13896;13618;13778;17496;18416;20323;20420;19569;20209;21545;21379;21800;22745;23981;25197;25738;24798;26014;27258;28621;29137;29877;30886;31531;31983;32566;33324;34719;36582;37621;38478;39412;39874;37301;37189;38201;38264;39109;40692;41080;40226;40229;41269;42462;42899;42914;43895;45400;46600;45599;45080;44615;44823;44738;44809;45734;46942;47486;49083;49479;49177;48837;49882;51069;52786;54483;55020;53179;54183;54551;54573;54983;55776;56118
Syria;1573;1593;1614;1636;1657;1679;1702;1724;1747;1771;1794;1686;2074;2295;2569;2261;2609;2697;2260;2276;2247;2210;2932;2578;2894;2810;2503;2580;2598;3009;2582;2744;3317;2933;3521;4071;4372;4178;4398;4411;4777;5055;4987;4886;4531;4653;4284;4234;4654;3749;3809;3991;4399;4498;4693;4894;5246;5385;5620;5291;5188;5232;5474;5341;5546;5738;5888;6094;6246;6497;6603;6358;6432;5464;5105;4637
Taiwan;2041;1909;1951;1767;1507;823;890;1024;1268;1411;1680;1745;1895;2002;2120;2205;2205;2297;2367;2449;2570;2654;2808;3095;3407;3571;3836;4146;4461;4772;5144;5758;6532;7144;6758;7073;8183;8947;9924;10400;10661;11192;11535;12536;13643;14014;16104;17578;17921;19433;20432;21996;23207;24595;26091;27307;28866;30613;31879;32852;34205;32912;34259;34840;36032;36825;37661;38761;36526;36491;39085;39059;39482;40214;41376;42948
Tajikistan;1894;1855;1817;1780;1743;1708;1673;1855;2092;2281;2466;2431;2540;2601;2677;2850;3063;3065;3232;3134;3363;3490;3522;3387;3769;3930;4070;4200;4398;4413;4703;4776;4750;5095;5053;4883;4928;4864;4809;4617;4461;4344;4294;4274;4172;4059;4075;3981;3924;3855;3635;3302;2300;1891;1465;1266;1040;1045;1086;1111;1186;1285;1398;1522;1645;1719;1800;1898;2001;2029;2110;2212;2320;2432;2533;2582
Tanzania;871;878;885;892;899;906;913;920;927;934;941;1040;1042;985;1044;1048;1038;1041;1027;1054;1072;1035;1102;1143;1176;1189;1307;1326;1360;1349;1391;1412;1465;1470;1464;1503;1571;1574;1579;1559;1534;1479;1461;1419;1418;1379;1389;1420;1442;1454;1471;1453;1413;1384;1362;1369;1392;1405;1421;1454;1488;1538;1607;1673;1756;1848;1880;1980;2030;2076;2143;2243;2288;2382;2472;2571
Thailand;1215;1209;1204;1199;1193;1188;1183;1178;1173;1169;1164;1206;1232;1322;1266;1329;1304;1274;1276;1383;1500;1527;1593;1667;1725;1804;1945;2044;2145;2246;2323;2365;2398;2570;2621;2688;2870;3088;3325;3427;3508;3645;3770;3912;4068;4191;4356;4701;5250;5808;6369;6841;7333;7882;8529;9239;9689;9454;8363;8633;8939;9028;9399;9962;10497;10901;11400;11940;12216;11915;12822;12798;13586;13932;13986;14512
Timor-Leste;679;680;681;682;683;684;684;685;686;687;688;689;690;691;692;693;693;694;695;696;697;698;699;700;701;701;702;703;704;705;706;707;707;708;725;742;759;776;794;813;832;851;871;891;912;933;955;977;999;1022;1046;1121;1195;1273;1365;1477;1644;1741;1738;1132;1322;1507;1363;1283;1244;1301;1206;1323;1486;1652;1777;1940;2040;2093;2173;2086
Togo;1048;1047;1045;1044;1043;1041;1040;1039;1037;1036;1034;1050;1066;1080;1095;1110;1125;1139;1152;1165;1238;1289;1303;1331;1483;1640;1742;1788;1827;1969;1878;1962;1980;1854;1885;1828;1774;1825;1960;2026;1882;1710;1587;1447;1436;1449;1440;1406;1415;1414;1350;1306;1223;1014;1138;1198;1272;1418;1351;1349;1305;1251;1207;1235;1228;1211;1228;1224;1219;1230;1246;1273;1314;1346;1387;1433
Tokelau;;;;;;;;;;;;;;;;;;;;;;;;;;;;;;;;;;;;;;;;;;;;;;;;;;;;;;;;;;;;;;;;;;;;;;;;;;;;
Tonga;1238;1252;1266;1280;1294;1308;1323;1337;1352;1367;1382;1397;1413;1428;1444;1460;1476;1492;1508;1525;1541;1558;1575;1592;1610;1627;1645;1663;1681;1699;1718;1736;1755;1774;1849;1909;1920;1992;2002;2016;2324;2655;3072;3288;3379;3621;3698;3793;3695;3678;3572;3795;3800;3937;4125;4269;4256;4235;4331;4478;4605;4745;4878;4953;4959;5006;4920;4664;4748;4772;4945;5023;5032;4879;4962;5069
Transnistria;;;;;;;;;;;;;;;;;;;;;;;;;;;;;;;;;;;;;;;;;;;;;;;;;;;;;;;;;;;;;;;;;;;;;;;;;;;;
Trinidad and Tobago;3857;3951;4047;4145;4246;4349;4455;4563;4674;4787;4903;5209;5283;5313;5271;5825;6843;7246;7621;7820;8531;8714;8929;9229;9362;9699;10002;10152;10669;10988;11495;11558;12081;12187;12729;12847;13904;14568;16047;16549;17624;18248;16989;15457;16175;15331;14682;13902;13310;13206;13464;13735;13426;13158;13562;14046;14561;14928;16064;16739;17721;18383;19773;22519;24175;25439;28790;30008;30875;29383;29321;28743;29086;29469;29820;30113
Tunisia;1567;1585;1602;1619;1636;1653;1670;1688;1705;1722;1739;1732;1916;1959;1974;1845;1945;1848;2064;1950;2157;2312;2226;2516;2575;2683;2690;2615;2831;2876;2990;3246;3746;3639;3841;4011;4215;4255;4434;4618;4837;4980;4863;4999;5048;5205;5002;5214;5109;5196;5502;5604;5920;5991;6031;6055;6393;6649;6879;7201;7464;7699;7752;8094;8468;8707;9109;9585;9938;10187;10411;10235;10609;10768;10825;11126
Turkey;3163;2851;2947;2651;2514;2154;2722;2812;3123;2901;3103;3701;3963;4361;3892;4156;4122;4943;5252;4869;4735;4691;4849;5188;5296;5309;5906;6020;6295;6470;6740;6765;7186;7442;7991;8381;9142;8863;8400;8160;7828;8518;8323;8535;8798;9163;9556;10351;10421;10103;10670;10568;10920;11569;10857;11530;12190;12911;13008;12381;13025;12106;12669;13151;14187;15176;16013;16551;16454;15467;16674;17908;18057;18579;18884;19360
Turkmenistan;3745;3679;3614;3550;3487;3426;3365;3743;4233;4628;5018;4961;5197;5337;5509;5881;6338;6361;6726;6540;7040;7319;7402;7132;7952;8309;8622;8916;9355;9406;10045;10221;10186;10948;10900;10576;10715;10617;10538;10158;9853;9632;9559;9553;9362;9143;9216;9040;8944;8822;8353;7748;6402;6320;5094;4623;4841;4221;4460;5132;5351;5521;5477;5598;5817;6505;7137;7834;8877;9303;10032;11361;12460;13555;14762;15865
Turks and Caicos Islands;1574;1607;1639;1673;1707;1742;1778;1814;1851;1889;1927;1967;2007;2048;2090;2132;2176;2220;2265;2311;2358;2406;2455;2505;2556;2608;2662;2716;2771;2827;2885;3128;3361;3595;3845;4127;4448;4808;5194;5586;5969;6329;6674;7024;7414;7858;8368;8930;9550;10199;10751;11226;11612;12229;13055;13317;13962;14440;15429;16100;16099;16305;15544;16045;17013;18734;20690;21458;22431;19240;20095;20878;20292;20278;20107;20068
Tuvalu;1286;1299;1312;1325;1338;1351;1364;1378;1391;1405;1419;1433;1447;1461;1475;1490;1504;1519;1534;1549;1564;1580;1595;1611;1627;1642;1659;1675;1691;1708;1724;1745;1745;2314;2643;2620;2608;2650;2776;2808;2579;2367;1883;1849;1954;1885;1842;1990;2159;2082;2369;2441;2496;2586;2839;2686;2515;2757;3172;3109;3064;3097;3321;3190;3129;2995;3048;3230;3480;3319;3222;3488;3489;3528;3548;3622
Uganda;795;798;801;804;807;810;812;815;818;821;824;772;800;814;783;813;837;850;834;853;871;839;850;922;965;960;991;1015;1012;1092;1079;1084;1071;1046;1027;982;967;958;884;770;729;740;781;816;724;716;695;713;736;762;767;782;781;818;842;910;961;979;996;1043;1042;1060;1115;1147;1184;1217;1304;1367;1437;1490;1515;1607;1622;1621;1638;1680
Ukraine;2988;2933;2879;2826;2774;2723;2673;2971;3358;3669;3976;3927;4112;4220;4352;4643;5000;5015;5299;5149;5539;5755;5816;5600;6239;6515;6756;6982;7320;7355;7850;7982;7950;8538;8742;8724;9090;9262;9454;9372;9349;9400;9594;9860;9937;9981;10346;10437;10621;10773;10490;9588;8633;7401;5732;5073;4606;4509;4463;4496;4809;5305;5637;6217;7022;7265;7848;8519;8762;7498;7844;8282;8319;8338;8267;8449
United Arab Emirates;1246;1227;1209;1191;1173;1182;1191;1199;1208;1217;1225;1233;1240;1247;1255;1262;1270;1278;1433;1606;1801;2019;2264;2954;5021;8534;14505;24652;29634;35623;42822;41464;39798;60948;149185;167748;165063;167326;143058;159226;182668;181228;158177;144955;139882;129469;100191;101308;82687;92115;114832;109658;107416;103224;104855;106425;106923;109553;104107;101940;108048;105860;105346;109675;110662;102324;95637;82993;73029;60955;56644;56192;57028;59092;60578;60749
United Kingdom;10935;11860;11997;12078;11467;10881;10644;10411;10599;10866;11135;11416;11367;11751;12173;12531;12572;12702;12672;13122;13697;13887;13897;14393;15067;15292;15494;15777;16357;16616;16933;17207;17793;19043;18801;18699;19207;19684;20337;20871;20417;20149;20607;21357;21904;22648;23516;24551;25750;26279;26424;26017;26062;26688;27691;28317;28998;29662;30614;31474;32543;33282;33954;35250;35910;36665;37504;38164;37739;35840;36240;36549;36535;36908;37614;38225
United States;11320;13239;15702;18551;19847;18828;14777;14267;14544;14340;15319;16198;16508;16974;16558;17409;17428;17430;16961;17909;18059;18170;18966;19497;20338;21361;22495;22803;23647;24147;23908;24350;25374;26567;26258;25934;27041;27990;29281;29951;29619;30070;29230;30185;32110;33065;33899;34787;35929;36830;37062;36543;37321;37844;38892;39476;40501;41812;43166;44673;45986;45978;46367;47260;48597;49762;50599;51011;50384;48558;49373;49781;50549;51282;52118;53354
Uruguay;7065;7031;6305;6227;6854;6893;7404;7744;7835;7935;8135;8573;8501;8738;9091;8952;8897;8784;8834;7890;7999;8068;7735;7627;7644;7606;7746;7315;7324;7668;7934;7849;7563;7606;7831;8284;8567;8612;9012;9513;10034;10169;9147;8556;8410;8478;9169;9833;9770;9827;9841;10118;10841;11048;11766;11513;12068;13007;13508;13177;12876;12359;11401;11500;12081;12978;13489;14336;15317;15912;17095;17916;18447;19321;19929;20438
USSR;;;;;;;;;;;;;;;;;;;;;;;;;;;;;;;;;;;;;;;;;;;;;;;;;;;;;;;;;;;;;;;;;;;;;;;;;;;;
Uzbekistan;1329;1301;1274;1247;1221;1195;1170;1297;1462;1594;1722;1697;1772;1814;1866;1986;2133;2133;2248;2179;2338;2430;2456;2365;2636;2753;2856;2952;3096;3111;3321;3378;3365;3615;3619;3531;3598;3584;3577;3468;3382;3325;3318;3335;3286;3227;3271;3226;3210;3184;3032;2953;2561;2446;2274;2213;2208;2280;2340;2414;2471;2543;2612;2691;2865;3030;3211;3467;3733;3968;4185;4412;4705;5002;5320;5598
Wallis et Futuna;;;;;;;;;;;;;;;;;;;;;;;;;;;;;;;;;;;;;;;;;;;;;;;;;;;;;;;;;;;;;;;;;;;;;;;;;;;;
Vanuatu;1137;1152;1167;1183;1198;1214;1230;1246;1262;1279;1295;1312;1329;1347;1364;1382;1400;1418;1437;1456;1475;1494;1513;1533;1553;1573;1593;1614;1635;1656;1678;1699;1721;1744;2274;2103;2080;1999;2283;2306;1989;2021;2186;2593;2710;2679;2566;2519;2475;2498;2550;2557;2548;2494;2647;2610;2615;2693;2761;2720;2823;2664;2467;2508;2542;2610;2761;2833;2944;2970;2948;2916;2902;2895;2837;2912
Venezuela;5651;5603;5030;5275;6520;7526;8688;10306;11891;11614;11070;11268;11528;11582;12151;12555;13452;14657;13548;13493;13014;12405;12571;12468;13789;14056;13807;14225;14764;14753;15390;15549;15667;16369;17042;17710;18947;19632;19488;19140;18125;17539;16681;15025;14218;13874;14092;14802;15505;14125;14539;15577;16143;15829;15124;15390;15044;15680;15416;14216;14461;14673;13129;11894;13820;14981;16178;17298;17911;17056;16536;16960;17642;17614;16666;15753
West Bank and Gaza;1443;1551;1730;1758;1776;1828;2008;2097;1606;1230;1272;1316;1362;1351;1340;1329;1318;1307;1297;1286;1276;1266;1256;1247;1237;1228;1219;1210;1202;1320;1404;1546;1751;1592;1895;1834;2073;1989;2181;2144;2414;2197;2285;2104;2122;2018;2306;2149;2053;1987;2264;2027;2386;2521;2722;2788;2860;3392;4163;4788;4206;3836;3685;3922;4163;4506;4193;4015;3564;4187;4163;4359;4842;4498;4493;4319
West Germany;;;;;;;;;;;;;;;;;;;;;;;;;;;;;;;;;;;;;;;;;;;;;;;;;;;;;;;;;;;;;;;;;;;;;;;;;;;;
Western Sahara;;;;;;;;;;;;;;;;;;;;;;;;;;;;;;;;;;;;;;;;;;;;;;;;;;;;;;;;;;;;;;;;;;;;;;;;;;;;
Vietnam;1011;1005;1000;995;989;984;979;974;970;965;961;985;1009;1034;1061;1086;1104;1119;1132;1140;1150;1167;1272;1267;1285;1257;1232;1047;1002;1059;1053;1082;1152;1202;1128;1023;1168;1182;1165;1151;1097;1112;1178;1216;1297;1345;1354;1374;1427;1457;1501;1562;1667;1770;1895;2042;2197;2339;2437;2515;2650;2778;2920;3085;3278;3485;3687;3907;4085;4260;4486;4717;4912;5125;5370;5623
Virgin Islands (U.S.);;;;;;;;;;;;;;;;;;;;;;;;;;;;;;;;;;;;;;;;;;;;;;;;;;;;;;;;;;;;;;;;;;;;;;;;;;;;
North Yemen (former);;;;;;;;;;;;;;;;;;;;;;;;;;;;;;;;;;;;;;;;;;;;;;;;;;;;;;;;;;;;;;;;;;;;;;;;;;;;
South Yemen (former);;;;;;;;;;;;;;;;;;;;;;;;;;;;;;;;;;;;;;;;;;;;;;;;;;;;;;;;;;;;;;;;;;;;;;;;;;;;
Yemen;1315;1319;1323;1327;1332;1336;1340;1345;1349;1353;1357;1367;1377;1388;1397;1406;1414;1421;1428;1435;1443;1452;1461;1475;1483;1495;1512;1530;1544;1563;1849;2126;2249;2469;2554;2687;3018;3259;3440;3533;3457;3568;3529;3627;3661;3526;3495;3524;3558;3562;3441;3482;3578;3536;3598;3644;3676;3746;3857;3892;4017;4053;4094;4129;4177;4295;4320;4354;4420;4494;4534;3761;3765;3832;3866;3887
Yugoslavia;;;;;;;;;;;;;;;;;;;;;;;;;;;;;;;;;;;;;;;;;;;;;;;;;;;;;;;;;;;;;;;;;;;;;;;;;;;;
Zambia;1960;2017;2077;2138;2201;2265;2332;2400;2471;2543;2618;2714;2812;2913;3016;2865;3104;3257;2916;3167;3151;3091;3017;3016;3214;3506;3877;4390;4423;3891;3888;3828;4050;3839;3822;3658;3622;3382;3232;2993;2998;2866;2832;2811;2696;2602;2579;2560;2523;2465;2407;2348;2253;2351;2098;2106;2180;2203;2136;2176;2202;2260;2304;2403;2507;2620;2752;2901;3039;3224;3451;3557;3678;3800;3898;4034
Zimbabwe;1221;1245;1271;1296;1323;1350;1377;1405;1434;1463;1492;1537;1543;1618;1645;1719;1843;1941;1920;1962;1969;2024;2001;1973;1976;2054;1985;1926;1639;2121;2521;2651;2778;2765;2740;2674;2568;2332;2209;2217;2364;2561;2527;2467;2327;2395;2357;2299;2390;2436;2532;2604;2316;2292;2456;2416;2619;2645;2680;2625;2521;2540;2304;1908;1794;1689;1629;1568;1286;1352;1484;1626;1750;1773;1773;1801
land;;;;;;;;;;;;;;;;;;;;;;;;;;;;;;;;;;;;;;;;;;;;;;;;;;;;;;;;;;;;;;;;;;;;;;;;;;;;
South Sudan;1494;1531;1568;1607;1646;1686;1727;1769;1812;1856;1901;1947;1997;2043;2094;2146;2318;2234;2273;2484;2472;2416;2524;2396;2318;2426;2343;2218;2301;2388;2233;2329;2224;1983;2126;2332;2686;3009;2871;2488;2432;2411;2637;2530;2327;2104;2130;2137;2125;2247;2013;2089;2137;2141;2125;2132;2183;2338;2407;2518;2684;2769;2855;2976;3045;3221;3455;3756;3776;3799;3838;3505;1810;1965;2574;3047
