Under five mortality;1940;1941;1942;1943;1944;1945;1946;1947;1948;1949;1950;1951;1952;1953;1954;1955;1956;1957;1958;1959;1960;1961;1962;1963;1964;1965;1966;1967;1968;1969;1970;1971;1972;1973;1974;1975;1976;1977;1978;1979;1980;1981;1982;1983;1984;1985;1986;1987;1988;1989;1990;1991;1992;1993;1994;1995;1996;1997;1998;1999;2000;2001;2002;2003;2004;2005;2006;2007;2008;2009;2010;2011;2012;2013;2014;2015
Abkhazia;;;;;;;;;;;;;;;;;;;;;;;;;;;;;;;;;;;;;;;;;;;;;;;;;;;;;;;;;;;;;;;;;;;;;;;;;;;;
Afghanistan;448.55;447.52;446.49;446.8;445.76;444.73;443.7;442.66;441.63;440.59;439.56;435.9;426.11;416.55;407.2;398.07;389.13;380.4;374.1;368.1;362.4;356.5;350.6;345;339.7;334.1;328.7;323.3;318.1;313;307.8;302.1;296.4;290.8;284.9;279.4;273.6;267.8;261.6;255.5;249.1;242.7;236.2;229.7;222.9;216;209.2;202.1;195;187.8;181;174.2;167.8;162;156.8;152.3;148.6;145.5;142.6;139.9;137;133.8;130.3;126.8;123.2;119.6;116.3;113.2;110.4;107.6;105;102.3;99.5;96.7;93.9;91.1
Akrotiri and Dhekelia;;;;;;;;;;;;;;;;;;;;;;;;;;;;;;;;;;;;;;;;;;;;;;;;;;;;;;;;;;;;;;;;;;;;;;;;;;;;
Albania;244.61;235.96;227.48;219.16;211;203;195.16;187.45;179.89;172.44;165.17;161.7;158.3;154.97;151.71;148.52;145.4;142.34;139.35;136.42;133.55;130.74;127.99;125.3;122.67;120.09;117.56;115.09;112.67;110.3;107.98;105.71;103.49;101.31;99.18;97.1;95.06;93.06;91.1;84.7;78.6;73;67.8;62.8;58.3;54.3;50.7;47.6;44.9;42.5;40.6;38.8;37.3;36;34.6;33.2;31.8;30.3;28.9;27.5;26.2;24.9;23.6;22.5;21.5;20.5;19.5;18.7;17.9;17.3;16.6;16;15.5;14.9;14.4;14
Algeria;368.61;364.38;363.59;362.81;362.02;349.31;337.04;325.2;313.78;302.76;292.13;281.87;271.97;262.42;253.2;251.6;250.1;249;247.7;246.4;245.7;245.9;246.3;246.7;247.3;248.2;248.9;248.9;248;245.8;242.2;237.3;230.9;223.4;214.9;205.5;195.7;185.1;173.9;161.7;148;132.6;115.9;98.9;83.6;71.2;61.9;55.3;51.2;48.6;46.9;45.8;45;44.2;43.5;42.6;41.8;41.2;40.7;40.2;39.7;38.9;37.8;36.5;35.1;33.6;32.1;30.7;29.5;28.4;27.4;26.6;25.8;25.2;24.6;24
American Samoa;;;;;;;;;;;;;;;;;;;;;;;;;;;;;;;;;;;;;;;;;;;;;;;;;;;;;;;;;;;;;;;;;;;;;;;;;;;;
Andorra;;;;;;;;;;;;;;;;;;;;;;;;;;;;;;;;;;;;;;;;;;;;;;;;;;;8.5;7.9;7.4;6.9;6.4;6;5.7;5.3;5;4.8;4.6;4.4;4.2;4.1;4;3.9;3.7;3.6;3.5;3.4;3.3;3.2;3.1;3;2.9;2.8
Angola;442.94;439.3;435.67;432.05;427.15;423.59;420.07;416.56;411.81;408.33;404.92;401.53;395.72;389.48;382.83;375.72;368.3;360.45;352.25;344.18;336.18;328.34;320.56;312.85;305.2;297.55;289.99;282.4;275.28;268.59;262.29;259.32;256.39;253.49;250.63;247.79;244.99;242.22;239.48;236.78;234.1;232.8;231.5;230.2;229.1;228.3;227.5;226.9;226.5;226.2;226;225.9;226;225.8;225.5;224.8;224;222.6;220.8;218.9;216.7;214.1;211.7;209.2;206.7;203.9;200.5;196.4;192;187.3;182.5;177.3;172.2;167.1;162.2;156.9
Anguilla;;;;;;;;;;;;;;;;;;;;;;;;;;;;;;;;;;;;;;;;;;;;;;;;;;;;;;;;;;;;;;;;;;;;;;;;;;;;
Antigua and Barbuda;151.97;149.7;147.46;145.25;143.06;140.9;138.76;136.65;134.56;132.5;130.47;127.2;122.71;118.18;113.6;109;104.97;100.34;95.72;91.26;87.45;83.25;79.65;76.18;72.78;69.91;66.69;63.53;60.97;58.16;55.87;53.73;51.35;49.44;47.58;45.77;43.98;42.22;40.83;39.16;37.53;36.01;34.55;33.16;31.83;30.54;29.32;28.14;27.01;25.93;25.5;24.2;23.1;21.9;20.8;19.7;18.8;17.9;17;16.2;15.5;14.8;14.1;13.5;12.9;12.4;11.8;11.3;10.9;10.4;9.9;9.5;9.1;8.7;8.4;8.1
Argentina;131.14;122.32;124.07;113.66;115.37;117.1;103.47;110.22;95.18;91.93;93.53;91.92;88.72;85.66;81.15;84.17;76.5;93.51;82.65;77.78;73.2;68.9;64.84;61.02;57.43;57.43;58.63;58.52;58.32;73.2;72.4;71.5;70.4;68.8;66.6;63.8;60.2;55.9;51.4;47;43.1;40;37.6;35.8;34.4;33.1;31.9;30.8;29.7;28.6;27.6;26.6;25.7;24.8;24.1;23.4;22.7;22;21.4;20.8;20.2;19.7;19.2;18.6;17.9;17.1;16.4;15.8;15.4;15;14.6;14.2;13.8;13.3;12.9;12.5
Armenia;157.91;152.24;146.78;141.52;136.45;131.55;126.84;122.29;117.9;113.68;109.6;108.04;105.22;102.27;99.28;95.57;92.43;89.22;85.95;82.78;79.1;76.08;73.11;69.69;66.85;63.58;60.86;63.13;65.49;67.93;70.47;73.1;75.83;78.66;81.59;84.64;87.8;84.3;81;77.8;74.8;71.8;69.1;66.4;63.8;61.4;59;56.6;81.6;52;49.7;47.4;45.1;42.8;40.6;38.6;36.7;34.9;33.2;31.6;30.1;28.6;27.2;25.9;24.6;23.3;22.2;21.1;20;19;18;17.2;16.3;15.5;14.9;14.2
Aruba;;;;;;;;;;;;;;;;;;;;;;;;;;;;;;;;;;;;;;;;;26.34;25.4;24.6;23.96;23.48;23.14;22.91;22.76;22.62;22.5;22.36;22.23;22.1;22;21.91;21.83;21.76;21.68;21.6;21.49;21.35;21.15;20.89;20.57;20.2;19.8;19.37;18.95;18.55;18.18;17.84;17.55;17.28;17.03;16.8;16.57
Australia;51.02;53.41;52.42;51.21;42.21;38.68;39.3;36.52;34.65;32.2;31.6;31;30.3;29.5;28.7;28;27.3;26.6;26;25.4;24.8;24.3;23.7;23.2;22.7;22.4;22.1;22;21.9;21.7;21.4;20.9;20.2;19.4;18.4;17.3;16.2;15.3;14.4;13.6;13;12.5;12.2;11.9;11.6;11.3;11;10.6;10.2;9.7;9.2;8.6;8.1;7.7;7.3;7;6.8;6.6;6.5;6.4;6.2;6.1;6;5.9;5.9;5.7;5.6;5.4;5.2;5;4.8;4.5;4.2;4;3.7;3.5
Austria;103.53;96.88;103.53;112;127.65;263.54;115.43;104.5;92.09;86.87;75.32;69.81;59.54;56.57;54.9;53.3;51.7;49.9;47.8;45.5;42.9;40.2;37.9;35.9;34.2;32.7;31.5;30.5;29.8;29.3;29;28.7;28;26.8;25.1;23.1;21.1;19.4;18.1;17.1;16.3;15.5;14.8;14.1;13.3;12.6;11.8;11.1;10.5;10;9.5;9;8.5;8;7.4;6.8;6.4;6;5.8;5.6;5.5;5.4;5.3;5.2;5;4.9;4.8;4.6;4.6;4.5;4.4;4.2;4;3.9;3.7;3.5
Azerbaijan;182.7;178.27;173.95;169.76;165.67;161.68;157.79;153.98;150.27;146.65;143.12;141.34;137.45;134.14;130.7;127.13;123.48;119.71;115.86;112.09;108.36;104.74;100.56;97.06;93.61;90.2;86.86;83.54;80.41;77.44;75.11;72.93;71.36;74.39;77.55;80.85;84.29;87.87;91.6;95.5;120.86;120.54;108.2;105.7;103.3;101.1;99;97.2;95.8;94.9;94.7;95;95.4;95.7;95.5;94.3;92.1;88.6;84.2;79.3;74;68.8;63.8;59.3;55.2;51.7;48.6;45.8;43.3;41;39;37.3;35.7;34.2;32.9;31.7
Bahamas;139.87;138.66;137.46;136.28;135.1;133.93;132.78;131.63;130.49;129.37;128.25;126.56;123.51;120.35;117.08;113.69;110.25;106.7;103.09;90.93;80.21;70.75;62.41;55.05;48.56;42.84;37.79;33.33;29.4;30;30.6;31.2;31.7;32.1;32.2;32.2;31.9;31.5;31;30.5;29.9;29.4;28.9;28.6;28.2;27.9;27.3;26.5;25.6;24.6;23.5;22.5;21.6;20.6;19.6;18.7;17.8;17;16.4;15.9;15.7;15.5;15.5;15.4;15.4;15.3;15.1;14.8;14.5;14.2;13.9;13.5;13.2;12.8;12.4;12.1
Bahrain;358.32;349.59;339.9;331.45;323.16;315.02;305.99;305.98;305.97;305.96;305.95;305.94;305.93;305.92;305.91;305.9;281.4;258.6;237.8;218.3;200;183.1;167.2;152.6;138.9;126.3;114.7;104;94.1;85;76.8;69.3;62.7;56.9;51.8;47.4;43.6;40.2;37.2;34.6;32.3;30.3;28.6;27.2;25.9;24.9;24.2;23.6;23.3;23.2;23;22.7;22;21;19.6;18.1;16.6;15.2;14.1;13.2;12.6;12.1;11.8;11.5;11.2;10.9;10.5;10;9.4;8.8;8.3;7.8;7.3;6.9;6.5;6.2
Bangladesh;342.84;334.36;336.41;338.48;340.56;342.65;344.75;346.87;349;351.14;353.3;342.9;332.7;322.9;313.1;304.1;295.4;287.1;279.1;271.5;264.3;257.5;251.3;245.6;240.4;236;232.3;229.4;227.1;225.4;224.1;223;222;220.7;219.1;217.1;214.5;211.2;207.4;203.3;198.9;194.2;189.4;184.4;179.1;173.5;167.7;161.8;155.8;149.7;143.7;137.7;131.7;125.8;119.9;114.2;108.6;103.2;97.9;92.8;88;83.5;79;74.8;70.7;66.8;63;59.4;55.9;52.6;49.6;46.7;44;41.6;39.5;37.6
Barbados;293.96;365.86;285.8;268.22;279.25;241.99;261.66;271.65;251.22;204.75;197.23;218.02;234.91;223.75;168.8;145.5;126.4;111.2;99.5;90.6;83.6;78;73.2;68.7;64.7;61.3;58.2;55.5;53;50.5;48.1;45.8;43.4;41.1;38.9;36.7;34.6;32.6;30.6;28.9;27.2;25.8;24.6;23.6;22.8;22;21.2;20.4;19.5;18.7;17.9;17.2;16.6;16.1;15.7;15.5;15.4;15.5;15.7;16;16.3;16.6;16.8;16.8;16.7;16.5;16.2;15.8;15.4;15.1;14.7;14.4;14.1;13.7;13.3;13
Belarus;130.94;127.12;122.67;118.28;113.99;110.4;106.25;102.16;98.13;94.81;91.06;87.46;84;80.67;77.48;74.42;71.47;68.64;65.93;63.32;46.42;39.53;40.24;40.64;33.42;29.77;28.91;27.28;26.82;25.85;27.88;23.51;23.15;23.06;22.72;25.41;24.64;23.79;24.38;22.73;23.3;22.2;21.3;20.6;20;19.4;18.8;18.1;17.4;16.9;16.6;16.6;16.8;17.1;17.5;17.9;18;17.8;17;15.8;14.4;13;11.8;10.9;10.1;9.4;8.7;7.9;7.2;6.6;6.1;5.6;5.2;4.9;4.6;4.4
Belgium;106.74;103.62;103.54;97.67;101.87;118.2;94.02;77.85;67.76;63.74;59.32;55.94;51.25;51.2;48.3;45.5;42.8;40.1;37.7;35.6;33.9;32.4;31.1;30;28.9;27.9;27;26.2;25.5;24.8;24;23;21.9;20.8;19.6;18.6;17.6;16.7;15.9;15.2;14.5;13.9;13.3;12.7;12.2;11.8;11.4;11;10.7;10.3;10;9.6;9.2;8.7;8.2;7.6;7.1;6.7;6.3;6;5.8;5.6;5.4;5.2;5.1;5;4.9;4.8;4.7;4.6;4.5;4.4;4.4;4.3;4.2;4.1
Belize;172.35;171.17;170.01;168.85;167.7;166.56;165.43;164.3;163.18;162.07;160.97;158.35;154.27;149.32;144.98;139.82;135.27;129.97;125.25;120.66;115.52;114.7;113.88;113.08;112.27;111.48;110.69;109.9;105.5;101.3;97.3;93.5;89.7;86.3;83;79.9;77;74.2;71.4;68.9;66.4;63.9;61.4;58.9;56.2;53.5;50.6;47.7;44.9;42.2;39.6;37.2;35;33.1;31.5;30.1;28.8;27.8;26.7;25.8;25;24.2;23.5;22.8;22.2;21.7;21.2;20.6;20.1;19.5;19;18.5;18;17.5;17;16.5
Benin;397.04;391.87;386.76;381.71;376.73;365.3;361.4;358;354.5;351.3;348.2;345.1;342.1;339;335.9;332.7;329.5;326.2;322.5;318.4;314;309.2;303.9;298.2;292.5;286.9;281.4;276.9;272.8;269;265.5;261.8;257.8;253.4;248.3;242.7;237;231.3;226.1;221.5;217.4;213.7;210.2;206.8;203.3;199.7;196.1;192.2;188.1;183.9;179.5;175;170.4;166.2;162.4;159.1;156.2;153.6;150.9;147.9;144.7;141.1;137.1;133.1;129.2;125.5;122.1;119;116.3;113.9;111.6;109.3;107;104.8;102.1;99.5
Bermuda;;;;;;;;;;;;;;;;;;;;;;;;;;;;;;;;;;;;;;;;;;;;;;;;;;;;;;;;;;;;;;;;;;;;;;;;;;;;
Bhutan;411.18;410.74;410.3;409.86;409.42;408.99;408.55;408.11;407.68;407.24;406.81;403.18;398.42;391.99;385.1;379;371.31;363.27;354.87;347.3;339.89;332.63;325.53;318.58;311.78;305.13;298.61;292.24;286;278.6;271.5;264.2;256.7;249.5;242.4;235.5;228.4;221.3;214.1;206.9;199.8;193;185.9;178.9;172.1;165.2;158.8;152.2;145.9;139.8;133.7;127.8;122;116.4;110.8;105.3;99.8;94.5;89.4;84.4;79.6;75;70.6;66.4;62.3;58.5;54.8;51.3;48.1;45.1;42.3;39.9;37.8;36;34.4;32.9
Bolivia;362.15;353.08;344.16;335.4;327.86;319.41;317.15;314.91;312.68;310.46;308.27;306.08;303.91;301.76;299.62;297.5;295.39;293.3;291.22;289.15;287.1;281.4;276.1;270.8;265.4;260.1;254.5;248.8;243;237.1;231.3;225.3;219.1;212.8;206.4;200.1;193.9;187.9;182.1;176.6;171.6;166.8;162.3;157.8;153.2;148.5;143.8;138.9;134;129.2;124.4;119.7;115.2;110.7;106.2;101.8;97.5;93.1;88.7;84.4;80.2;76.2;72.2;68.5;64.8;61.4;58.1;54.9;52;49.3;47;44.9;43.1;41.3;39.8;38.4
Bosnia and Herzegovina;237.14;232.09;226.2;221.28;215.19;210.05;204.98;199.17;194.27;188.65;183.91;180.69;177.53;174.42;171.36;168.36;165.41;162.51;159.67;156.87;154.12;143.91;134.38;125.47;117.16;109.4;102.15;95.38;89.06;83.16;77.65;71.87;66.52;61.58;56.99;52.75;48.83;45.2;41.83;38.72;34.43;32.42;30.42;28.42;29.4;27.1;24.9;23;21.2;19.7;18.3;17.1;18.4;18.4;15.6;15.2;12.5;11.6;10.7;9.9;9.1;8.6;8.3;8.1;8.1;8.2;8.3;8.2;8.1;7.8;7.5;7.2;6.9;6.6;6.3;6
Botswana;355.45;354.28;353.1;351.93;350.76;331.89;314.04;297.15;281.17;266.05;251.74;238.2;225.39;213.27;201.8;196.1;190.9;185.5;180.6;175.4;170.6;165.7;161.3;157;152.8;148.7;144.7;140.6;136.5;132.2;127.7;123.1;118.1;113.1;107.8;102.4;96.9;91.2;85.8;80.5;75.5;70.8;66.6;62.8;59.3;56.4;54;52;50.8;50.3;50.7;51.8;53.3;55.4;57.9;60.6;63.2;65.5;67.7;70.4;71.5;71.1;70.4;70.3;69.9;65.6;62.7;64;63.8;62.1;60.3;59.6;57.6;55.5;54.6;53.3
Brazil;324.74;311.25;299.14;287.32;274.85;263.64;256.21;248.99;241.98;235.16;228.53;222.09;215.84;209.75;203.84;198.1;192.5;187;181.7;176.7;171.8;167.1;162.5;158.2;154.2;150.6;147.2;143.9;140.7;137.3;133.7;130.1;126.4;122.7;119.1;115.6;111.9;108.2;104.2;100;95.6;91.1;86.8;82.6;78.8;75.3;72.1;69.1;66.3;63.7;61.1;58.5;55.7;52.8;49.8;46.7;43.6;40.6;37.7;35;32.4;30.1;27.9;25.9;24.1;22.5;21;19.7;18.6;17.6;16.7;15.9;15.1;14.4;13.8;13.3
British Virgin Islands;;;;;;;;;;;;;;;;;;;;;;;;;;;;;;;;;;;;;;;;;;;;;;;;;;;;;;;;;;;;;;;;;;;;;;;;;;;;
Brunei;205.85;199.48;193.23;187.1;181.05;175.06;169.21;163.46;157.79;152.21;146.75;144.22;139.6;134.85;129.35;124.48;119.53;114.55;109.54;104.66;99.91;95.25;90.75;86.89;83.12;79.42;76.33;72.75;69.88;67.14;64.55;62.1;59.75;52.13;45.48;39.68;34.62;30.2;26.35;22.99;28.09;17.5;16.8;16.1;15.4;14.8;14.1;13.5;13;12.6;12.2;11.9;11.6;11.3;10.9;10.6;10.3;10;9.8;9.6;9.5;9.3;9.3;9.2;9.1;9;9;9;9;9.1;9.3;9.5;9.8;10;10.2;10.3
Bulgaria;197.06;199.78;202.53;205.32;208.15;211.02;213.92;216.87;200.12;178.99;148.18;155.76;156.13;121.1;125.6;126.94;109.17;100.1;79.27;83.17;66.8;55.34;53.12;46.4;45.6;45;44.5;43.8;42.6;40.9;38.9;37.3;36.2;35.6;35;34.3;33.5;32.5;31.2;30;28.7;27.6;26.6;25.7;24.7;23.6;22.5;21.8;21.4;21.5;22.1;22.6;22.9;23;23.1;23.2;23.2;23.1;22.7;22;21.1;20.1;19.1;18.1;17;15.9;15;14.3;13.7;13.3;13;12.6;12.1;11.6;11.1;10.7
Burkina Faso;416.12;413.4;410.7;408.01;399.1;397.8;396.5;395;393.2;391.7;389.7;387;384.1;380.4;376.5;372.3;367.5;363.1;358;352.3;347.6;343.1;338.7;334.5;331;328;325.2;322.9;321.4;320.1;319.1;317.3;313.9;307.9;299.2;288.5;277;265.7;255.8;247.8;241.2;236.1;231.8;227.8;223.7;219.2;214.4;209.6;205.8;203.4;202.2;201.8;202.1;202;201.1;199.4;197;194;191.3;188.5;185.7;182.4;178.3;173.1;166.3;158.3;149.4;139.9;130.4;121.4;113.5;106.9;101.4;96.6;92.4;88.6
Burundi;383.38;382.2;381;379.82;378.63;377.45;360.3;343.75;327.73;313.22;305.71;298.37;291.21;284.23;277.41;270.75;264.25;257.91;251.73;245.69;244.57;243.56;242.55;241.83;241.6;243;244.5;245.8;246.7;247.3;247.6;247.5;247.3;247.1;246.9;246.5;245;242;236.9;230.2;221.8;212.3;202.3;192.6;184.2;177.5;172.9;170.6;170.1;170.7;171.8;172.9;173.5;173.5;172.5;170.5;167.7;164.4;160.5;156.4;152.2;147.8;143.2;138.3;133;127.1;120.9;114.5;108.6;103.5;98.8;94.9;91.2;87.8;84.6;81.7
Cambodia;346.69;345.83;344.97;344.1;343.24;342.38;330.74;320.44;309.3;299.44;288.78;287.06;283.41;280.4;277.04;274.27;271.16;267.71;263.9;260.13;256.38;252.61;247.97;243.33;238.67;234.01;232.31;230.62;228.95;227.29;225.64;240.44;256.21;273.01;290.92;310;285.6;261.9;235.9;207.8;181.4;159.1;142;130.4;124.1;121.2;119.6;118.4;117.6;117.4;117.3;117.4;117.8;118.6;120;121.5;122.6;122.5;120.4;115.7;108.3;98.7;88.3;78.8;71.3;65.4;60.4;55.8;51.5;47.3;43.1;39.3;35.8;32.9;30.6;28.7
Cameroon;421.83;420.82;419.81;418.8;417.8;411.45;405.19;399.03;392.97;387;381.11;375.32;369.62;364;349.6;335.6;322.8;310.6;299.5;289.8;281.9;275.6;270.7;267;262.8;257.6;250.7;242.1;232.4;222.4;212.8;204.5;198.2;194;191.9;191;190.7;190.1;188.6;185.8;181.9;176.5;170.2;163.4;156.4;149.8;144.2;139.8;136.9;135.8;136.2;138.2;140.9;144;147.1;150;152.2;153.5;153.6;152.3;149.2;144.9;139.8;134.7;129.7;125.3;121.2;117.6;113.8;109.9;106;102.2;98.7;95.2;91.7;88.7
Canada;77.01;79.81;72.35;69.4;67.92;60.6;60.52;59.16;53.24;51.3;48.7;46.2;43.9;41.8;39.9;38.3;37;35.8;34.7;33.7;32.6;31.6;30.5;29.4;28.2;27.1;26;25;23.9;23;22;21;19.9;19;18;17;16;15.1;14.2;13.3;12.5;11.8;11.2;10.6;10.1;9.7;9.4;9.1;8.8;8.6;8.3;8;7.7;7.4;7.2;6.9;6.7;6.5;6.4;6.3;6.2;6.2;6.2;6.1;6.1;6.1;6;5.9;5.8;5.7;5.6;5.4;5.3;5.2;5;4.9
Cape Verde;311.12;301.26;291.59;281.13;271.84;262.74;252.88;244.13;235.55;226.26;218.01;216.69;215.37;213.79;211.11;208.99;206.61;203.15;200.24;197.35;195.44;193.56;191.69;189.84;188;186.19;184.39;182.61;180.85;179.1;164.3;150.7;138.5;127.6;118;109.5;102.3;96.3;91.4;87.7;85.2;83.7;82.6;81.6;80.2;78;75.1;71.8;68.2;65.1;62.8;61.2;60.3;59.6;58.6;56.6;53.5;49.3;44.3;39.4;35.2;31.8;29.5;28.3;27.7;27.7;28;28.3;28.4;28.3;27.9;27.3;26.6;25.9;25.1;24.3
Cayman Islands;;;;;;;;;;;;;;;;;;;;;;;;;;;;;;;;;;;;;;;;;;;;;;;;;;;;;;;;;;;;;;;;;;;;;;;;;;;;
Central African Republic;420.66;420.33;419.99;419.66;419.32;418.98;418.64;409.49;401.7;392.78;381.22;370;359.11;348.53;338.27;328.31;318.64;309.25;300.14;291.3;285.8;280.2;274.1;268;261.6;254.7;247.7;240.8;234.2;228.1;222.3;216.7;211.7;207.1;203;199.1;195.5;192.1;188.7;185.8;183.3;181.1;179.6;178.5;177.8;177.4;177.2;176.9;176.7;176.5;176.3;175.9;175.8;175.9;176.2;176.6;177;176.9;176.4;175.7;174.8;173.4;172;170.5;168.5;166.5;164.2;161.7;158.8;155;150.9;146.6;142.3;138.6;134.4;130.5
Chad;390;388.51;387.04;385.57;384.09;382.63;370.79;358.11;346.85;335.84;324.05;321.77;318.45;313.75;309.71;304.3;298.54;293.46;287.1;280.8;279.02;277.25;275.49;273.75;272.01;270.28;268.57;266.86;265.17;263.48;259.62;255.96;252.3;251;249.5;248.1;246.7;245.3;243.7;242;240.1;238.1;236;233.5;230.9;228.2;225.5;222.8;220.1;217.3;214.6;212;209.4;207;204.8;202.7;200.6;198.3;195.8;193;190.2;187.3;184.6;181.9;179.4;177;174.6;171.5;168;164;160.1;156;151.6;147.1;142.9;138.7
Channel Islands;;;;;;;;;;;;;;;;;;;;;;;;;;;;;;;;;;;;;;;;;23.13;22.39;21.67;21;20.38;19.8;19.26;18.73;18.2;17.67;17.15;16.64;16.16;15.7;15.28;14.89;14.51;14.12;13.74;13.34;12.93;12.51;12.08;11.66;11.26;10.88;10.54;10.24;9.97;9.75;9.57;9.41;9.27;9.13;9;8.87
Chile;353.14;325.58;317.45;315.84;294.57;299.5;260.48;262.19;237.3;251.81;238.67;229.78;220.97;212.7;204.72;197.04;189.65;182.54;175.69;169.1;157.3;148.5;142.3;135.8;126.8;115.9;104.5;94.1;86.2;81.7;79.6;78.4;77;74.6;70.6;64.7;57.1;48.8;41.7;36.8;33.2;30.1;27;24.6;23.1;22.4;22.1;21.9;21.4;20.4;19.1;17.7;16.4;15.1;14;13.1;12.5;12.2;12;11.5;10.9;10.3;9.8;9.5;9.3;9.1;9;8.9;8.9;8.8;8.8;8.7;8.6;8.4;8.3;8.1
China;332.42;330.86;329.3;327.76;326.22;324.69;323.16;321.64;320.13;318.63;317.13;311.71;306.39;301.16;296.02;290.96;270.32;251.14;233.32;268.45;308.99;261.86;167.82;148.14;130.77;115.43;120.8;126.42;132.3;119.1;113.3;107.7;102.1;96.5;90.9;85.2;79.8;74.6;70;65.9;62.4;59.6;57.4;55.7;54.6;54;53.7;53.7;53.9;54;53.8;53.3;52.4;51;49.3;47.5;45.6;43.6;41.5;39.3;36.9;34.3;31.6;28.9;26.3;24;21.9;20.1;18.5;17;15.7;14.5;13.4;12.3;11.4;10.7
Christmas Island;;;;;;;;;;;;;;;;;;;;;;;;;;;;;;;;;;;;;;;;;;;;;;;;;;;;;;;;;;;;;;;;;;;;;;;;;;;;
Cocos Island;;;;;;;;;;;;;;;;;;;;;;;;;;;;;;;;;;;;;;;;;;;;;;;;;;;;;;;;;;;;;;;;;;;;;;;;;;;;
Colombia;228.05;242.79;250.03;255.34;251.83;244.68;242.86;224.41;216.95;213.22;194.44;186.92;170;186.94;175.96;165.62;155.89;146.73;138.11;130;127.3;124.6;122;119.4;116.7;114;111.1;108;104.6;101.1;97.6;94;90.4;86.7;82.8;78.7;74.3;69.9;65.5;61.3;57.4;53.7;50.3;47.3;44.6;42.3;40.3;38.7;37.4;36.2;35.1;34.1;33.1;32.1;31;30;28.9;27.9;26.9;26;25.1;24.3;23.6;22.9;22.2;21.5;20.9;20.3;19.7;19.1;18.5;18;17.4;16.9;16.4;15.9
Comoros;379.92;378.97;378.04;377.1;376.15;375.22;356.11;337.66;319.86;302.69;286.06;289.84;293.68;297.56;301.5;305.48;309.53;313.62;317.77;321.97;326.23;313.2;300.7;288.69;277.16;266.1;255.47;245.27;235.48;226.07;227.1;221.8;217.1;212.4;207.7;202.7;197.7;192.3;186.8;181.1;175.3;169.4;163.6;157.9;152.4;147.2;142.2;137.6;133.2;129.1;125.1;121.2;117.2;113.6;110.5;107.8;105.6;104;102.7;101.8;101.1;100.8;100.8;100.4;99.4;97.8;95.7;93.5;91.2;88.5;86;83.3;80.9;78.3;75.9;73.5
Congo, Dem. Rep.;377.36;367.62;359.19;349.85;340.67;331.65;323.89;315.22;306.7;298.38;291.17;288.56;285.96;283.39;280.84;278.31;275.8;273.32;270.85;268.41;265.99;264.36;262.75;261.15;259.55;257.96;256.38;254.81;253.25;251.7;248.1;244.8;241.4;237.7;234.2;230.3;226.4;222.7;219;215.4;212;208.8;205.7;202.8;200.1;197.7;195.3;193;190.8;188.5;186.5;184.3;182.3;180.3;178.3;176.4;174.1;171.5;168.4;164.9;161;156.8;152.4;147.8;143.2;138.4;133.5;128.9;124.5;120.1;116.1;112.2;108.5;104.8;101.7;98.3
Congo, Rep.;378.17;377.45;376.72;376;375.28;374.55;353.32;332.89;313.24;298.25;283.97;270.38;257.43;245.11;233.38;222.21;211.57;201.44;191.8;188.3;184.4;180.2;176;172.3;168.3;163.9;159.4;155;150.9;147;143.1;139.5;135.7;132.2;129.3;126.3;123.3;120.5;117.7;114.7;111.9;109.1;106.2;103.2;100.2;97.5;95.3;93.7;92.8;92.8;93.6;95.2;97.4;100.2;103.8;107.7;111.9;116;119.3;121.4;121.6;119.7;115.6;109.8;102.9;95.3;87.4;79.9;72.6;66.1;60.6;56.1;52.6;49.6;47.1;45
Cook Is;;;;;;;;;;;;193.1;182.8;173;163.7;154.5;145.8;137.1;128.5;120.3;112.2;104.5;96.9;89.8;83.1;76.9;71;65.4;60.4;55.8;51.7;48.1;44.9;42.3;40.1;38.3;36.8;35.5;34.3;33.2;32.1;31.1;30.1;29.1;28.2;27.3;26.5;25.8;25.3;24.8;24.4;24;23.6;23.2;22.6;21.8;20.9;19.8;18.7;17.7;16.8;16;15.2;14.4;13.7;13;12.2;11.6;10.9;10.3;9.9;9.4;9.1;8.7;8.4;8.1
Costa Rica;227.98;219.5;211.19;202.2;194.23;186.43;178.77;171.24;163.14;155.96;148.93;146.34;141.62;137.53;132.62;127.65;123.1;118.71;114.48;110.4;106.47;102.67;99.01;95.49;92.08;88.8;85;82.3;80.4;78.8;76.4;71.8;64.9;57.8;51.8;46.3;40.3;34;28.9;25.6;23.8;23.1;22.9;22.8;22.4;21.6;20.5;19.3;18.3;17.5;16.9;16.5;16.1;15.8;15.5;15.2;15;14.8;14.4;13.8;13;12.2;11.6;11;10.7;10.4;10.3;10.3;10.3;10.2;10.2;10.1;10.1;10;9.9;9.7
Cote d'Ivoire;388.69;387.62;386.57;385.5;384.44;383.39;382.32;378.66;375.03;371.44;367.88;364.36;360.87;357.41;353.99;350.6;342.4;334.4;326.3;318.5;310.6;302.9;295.4;288.1;280.9;274;267.3;260.6;253.9;247.3;240.6;233.6;225.9;217.6;209.1;200.3;191.8;184;177;171;166.1;162.2;158.9;156.3;154.3;152.7;151.7;151;150.5;150.2;150;150;149.8;149.6;149.3;148.9;148.3;147.3;146;144.3;142.3;139.8;137.2;134.4;131.3;128;124.7;121.3;116.9;113.5;110.1;107.2;104.2;100.7;97.2;94.4
Croatia;184.46;177.13;170.01;163.05;156.22;149.55;143.01;136.66;130.45;124.38;117.8;114.93;112.14;109.41;106.75;104.15;101.61;99.14;96.72;94.36;92.06;84.61;77.76;71.46;65.67;60.35;55.46;50.97;46.84;43.04;39.55;37.43;35.42;33.52;31.73;30.02;28.41;26.89;25.44;24.08;22.78;21.9;21;20;19.1;18;17;15.8;14.8;13.7;12.9;12.1;11.4;10.9;10.4;10;9.6;9.3;8.9;8.6;8.3;8;7.7;7.4;7.1;6.8;6.5;6.2;5.9;5.6;5.4;5.1;4.9;4.7;4.5;4.3
Cuba;110.29;106.22;102.3;98.52;78.12;95.24;52.53;53.96;49.67;48.26;44.11;49.67;48.26;48.26;41.39;45.49;42.74;46.87;47.57;48.29;49.02;49.75;50.5;47.3;45.9;45;44.7;45;45.3;44.8;43.1;39.9;35.9;32.4;30.4;29.1;27.3;24.7;22.3;20.8;20.1;19.9;19.7;19.6;19.1;18.4;17.4;16.4;15.2;14.2;13.3;12.4;11.7;11.2;10.9;10.8;10.5;10;9.4;8.9;8.4;8;7.7;7.4;7.1;6.8;6.5;6.4;6.3;6.4;6.6;6.6;6.4;6.1;5.8;5.6
Cyprus;194.19;187.21;180.31;172.76;159.29;145.56;132.39;120.41;108.26;96.64;86.18;79.26;72.9;67.05;61.66;56.71;52.16;47.97;44.12;40.58;37.32;37.18;37.05;36.91;36.77;36.64;36.5;36.37;36.24;36.1;35.97;34.47;33.04;31.66;30.35;29.08;27.87;26.71;25.6;22.5;20.8;19.2;17.7;16.1;14.7;13.4;12.4;11.8;11.4;11.2;11.1;10.9;10.5;10.1;9.6;9;8.5;8;7.5;7;6.5;6.1;5.7;5.4;5.1;4.8;4.6;4.4;4.2;4;3.9;3.8;3.7;3.6;3.5;3.4
Czech Republic;127.45;122.45;117.65;113.03;108.6;104.33;100.23;96.3;92.51;88.87;85.38;76.15;59.2;47.46;40.52;37.16;34.1;33.23;31.06;27.63;26.4;25.75;27.75;26.88;25.24;29.05;27;26.74;26.28;27.38;25.22;25.31;24.01;24.35;23.5;22.57;22.05;21.56;19.78;18.18;18.55;18.4;18;17.6;17.3;17;16.6;16.2;15.6;15.1;14.5;14;13.2;12.3;11.2;10.2;9.2;8.4;7.6;7;6.6;6.2;6;5.7;5.5;5.2;5;4.7;4.5;4.3;4.1;3.9;3.8;3.6;3.5;3.4
Czechoslovakia;;;;;;;;;;;;;;;;;;;;;;;;;;;;;;;;;;;;;;;;;;;;;;;;;;;;;;;;;;;;;;;;;;;;;;;;;;;;
Denmark;58.98;64.73;57.58;54.35;59.06;58.34;54.19;45.92;40.57;38.84;34.1;33.4;32.6;31.6;30.5;29.3;28.1;27.1;26.2;25.5;25;24.5;23.8;23;22.1;21.1;20.1;19.1;18.1;17.4;16.6;15.8;14.9;13.9;13.1;12.3;11.6;11.1;10.6;10.3;10;9.7;9.6;9.6;9.6;9.7;9.7;9.7;9.6;9.3;8.9;8.4;7.9;7.4;6.9;6.5;6.2;6;5.8;5.7;5.6;5.5;5.4;5.3;5.1;4.9;4.7;4.5;4.3;4.2;4;3.9;3.8;3.7;3.6;3.5
Djibouti;406.36;405.41;404.45;403.5;402.54;401.6;375.69;351.05;327.53;305.05;283.51;281.86;277.31;273.43;268.3;263.79;258.09;252.12;245.02;238.94;232.9;226.15;220.3;214.51;208.78;202.3;195.89;193.62;191.37;189.15;186.95;184.78;182.64;180.51;178.42;176.35;174.3;169.4;164.7;160.1;155.8;151.7;147.4;143.3;139.3;135.3;131.7;128.3;125.1;122;119.4;117;115;113.2;111.5;110.2;108.5;106.8;104.9;102.9;100.8;98.4;96;93.5;91;88.5;86;83.5;81;78.5;76.1;73.9;71.7;69.5;67.4;65.3
Dominica;;;;;;;;;;;;;;;;;;;;;139;127.2;116.5;107.2;98.9;91.8;85.5;79.9;74.7;69.5;63.9;57.9;51.7;45.5;39.7;34.5;30.1;26.5;23.6;21.4;19.8;18.6;17.9;17.4;17.2;17;17;17;17;17.1;17.1;17.1;17;16.9;16.7;16.5;16.3;16;15.8;15.5;15.3;15.2;15.1;15.1;15.3;15.6;16;16.5;17.1;17.9;18.8;19.6;20.4;21;21.2;21.2
Dominican Republic;324.18;301.22;279.89;260.07;241.66;224.54;208.64;193.86;180.12;167.36;155.5;155.1;154.8;154.2;153.8;153.3;152.6;151.8;150.7;149.5;147.8;146;143.9;141.4;138.8;136;133.2;130.3;127.5;124.7;121.8;118.7;115.4;111.8;108.2;104.5;100.9;97.4;94;90.7;87.5;84.3;81.3;78.3;75.5;72.7;70.1;67.5;65;62.6;60.2;57.8;55.5;53.3;51.2;49.2;47.3;45.6;44;42.5;41.3;40.1;39.1;38.3;37.5;36.8;36.1;35.5;35;34.4;33.9;33.4;32.9;32.3;31.6;30.9
East Germany;;;;;;;;;;;;;;;;;;;;;;;;;;;;;;;;;;;;;;;;;;;;;;;;;;;;;;;;;;;;;;;;;;;;;;;;;;;;
Ecuador;357.52;342.25;327.41;312.99;298.99;285.35;276.44;267.81;259.45;251.35;243.51;235.91;228.54;221.41;214.5;207.8;201.7;195.8;190.1;184.5;179.2;174.1;169.2;164.3;159.9;155.6;151.8;148.2;144.9;141.4;138;134.3;130.3;126;121.3;116.6;111.8;107.2;102.6;98.3;93.9;89.5;85;80.7;76.6;72.7;69.1;65.7;62.6;59.7;56.9;54.1;51.5;48.8;46.3;43.9;41.6;39.6;37.7;35.9;34.4;33.1;31.9;30.9;30;29.1;28.3;27.5;26.8;26;25.2;24.5;23.7;23;22.3;21.6
Egypt;358.57;343.35;403.07;410.91;367.09;379.1;377.2;375.31;373.43;371.55;369.69;367.83;365.98;364.15;362.32;360.5;350.8;341.3;331.7;322.2;312.8;302.9;293.1;283.5;274.8;266.9;260.3;254.8;250.2;246.4;242.9;239.4;235.2;229.7;222.9;214.7;205.7;196.2;186.6;177;167.6;158.1;148.4;138.5;128.5;118.8;110.1;102.5;96;90.6;85.9;81.7;77.5;73.3;68.9;64.6;60.4;56.5;52.8;49.5;46.5;43.8;41.4;39.2;37.3;35.6;34.1;32.7;31.4;30.2;29;27.9;26.8;25.8;24.8;24
El Salvador;335.13;326.78;318.56;309.44;301.5;293.7;283.78;274.2;264.94;255.99;247.34;238.99;230.92;223.12;215.58;208.3;204;199.5;195.1;191;186.9;183.3;179.6;176;172.7;169.5;166.4;163.5;160.7;158;155.1;152.1;148.9;145.5;141.7;137.4;132.7;127.8;122.4;116.7;110.7;104.5;98.2;92;86;80.4;75.2;70.6;66.5;62.8;59.4;56.3;53.2;50.3;47.4;44.5;41.7;39.1;36.6;34.4;32.4;30.6;29;27.5;26.1;24.8;23.6;22.6;21.6;20.8;20;19.3;18.6;18;17.4;16.8
Equatorial Guinea;407.22;406.17;405.13;404.19;403.25;402.31;391.74;381.36;371.2;360.11;350.36;348.43;344.35;339.85;334.93;329.64;323.98;317.94;311.55;305.26;299.01;292.8;286.69;280.57;274.46;268.37;262.28;256.16;250.41;244.21;239.18;234.51;230.18;229.33;228.48;227.64;226.79;225.95;225.12;224.28;234.78;228.74;221.8;217.5;213.1;209.1;205.1;201.4;197.5;193.6;189.5;185.8;182;178.3;174.6;171.2;167.6;163.9;160.1;156.1;152.1;147.9;143.8;139.6;135.4;131.2;126.9;122.7;118.4;114.6;110.9;107.3;103.7;100.3;97.4;94.1
Eritrea;403.7;402.89;402.08;401.27;400.46;399.65;385.66;373.19;359.9;348.04;335.38;333.62;331.85;328.59;324.94;320.91;316.47;311.65;306.44;301.27;292.35;283.7;275.31;267.17;259.26;251.59;244.15;236.92;229.91;223.11;221.4;219.48;217.66;215.54;213.1;208.8;204.7;200.8;197.1;193.9;191;188.2;185.3;182.3;179.1;175.7;171.8;167.5;162.7;157.3;151.4;145;138.2;131.2;124.1;117.3;110.8;104.8;99.2;94;89.1;84.6;80.4;76.5;72.9;69.5;66.3;63.2;60.4;57.9;55.6;53.5;51.6;49.7;48.1;46.5
Eritrea and Ethiopia;;;;;;;;;;;;;;;;;;;;;;;;;;;;;;;;;;;;;;;;;;;;;;;;;;;;;;;;;;;;;;;;;;;;;;;;;;;;
Estonia;133.04;129.21;125.4;121;117.31;113.03;109.47;105.97;101.89;98.5;91.06;84.17;77.81;71.93;66.5;61.47;56.82;52.53;48.56;44.89;45.06;39.87;35.88;35.58;36.22;29.98;28.76;27.82;28;25.93;27.16;26.31;24.14;24.33;26.68;26.22;26.44;27.2;25.52;27.69;27.1;26.2;25.3;24.5;23.8;23.1;22.6;22;21.5;20.9;20.2;19.5;18.7;17.8;16.8;15.8;14.8;13.8;12.8;11.9;11;10.2;9.4;8.6;7.9;7.3;6.7;6.1;5.5;5;4.5;4.1;3.7;3.4;3.2;3
Ethiopia;409;407.98;406.97;405.95;404.94;403.92;394.43;385.09;374.8;365.85;357.05;353.92;349.71;343.99;336.85;329.36;320.53;311.65;303.01;294.62;286.45;278.51;270.79;263.29;255.99;248.9;242;241.5;241;241.2;241.1;241.2;241.1;241;241;241.5;242.1;242.7;243;242.8;241.6;239.3;236;232;227.6;223.4;219.3;215.5;212;208.4;204.6;200.2;195;188.9;182;175;168.3;162;156.2;150.8;145.1;139;132.2;124.8;117;109.1;101.3;93.8;86.9;80.8;75.7;71.3;67.7;64.6;61.8;59.2
Faeroe Islands;;;;;;;;;;;;;;;;;;;;;;;;;;;;;;;;;;;;;;;;;;;;;;;;;;;;;;;;;;;;;;;;;;;;;;;;;;;;
Falkland Is (Malvinas);;;;;;;;;;;;;;;;;;;;;;;;;;;;;;;;;;;;;;;;;;;;;;;;;;;;;;;;;;;;;;;;;;;;;;;;;;;;
Fiji;310.91;286.19;263.42;242.47;223.18;205.43;189.08;174.03;160.18;147.44;135.7;125.9;116.9;108.7;101.3;94.8;89;83.7;79.2;75.2;71.8;68.7;66;63.8;61.7;60;58.5;57.3;56.4;55.8;55.3;54.9;54.6;54.2;53.6;52.8;51.6;50;48.2;46.1;44;42;40;38.3;36.8;35.4;34.1;33;31.8;30.8;29.8;28.8;28;27.2;26.6;26.2;25.8;25.4;25.1;24.8;24.5;24.2;23.9;23.7;23.7;23.7;23.8;23.9;24;24;23.9;23.7;23.5;23.2;22.9;22.4
Finland;114.5;91.25;75.67;79.01;103.53;98.66;75.67;75.48;64.35;57.57;50.96;42;40.5;38.9;37.3;35.7;34;32.3;30.4;28.6;26.8;25.2;23.8;22.5;21.3;20.2;19.3;18.4;17.6;16.9;16.1;15.4;14.6;13.8;13.1;12.2;11.4;10.6;9.9;9.2;8.7;8.2;7.9;7.6;7.4;7.3;7.3;7.2;7.1;6.9;6.7;6.4;6.1;5.8;5.5;5.2;4.9;4.7;4.6;4.4;4.3;4.2;4.1;4;3.9;3.8;3.6;3.5;3.3;3.2;3;2.9;2.7;2.6;2.4;2.3
France;103.68;84.32;86.15;89.92;93;120.29;85.57;72.49;56.81;61;57.1;53.4;49.7;46.3;43.1;40.2;37.4;34.8;32.4;30.3;28.5;27;25.7;24.5;23.4;22.3;21.4;20.6;19.9;19.1;18.2;17.4;16.6;15.9;15.4;15;14.5;13.9;13.3;12.8;12.4;11.9;11.5;11.1;10.7;10.3;10;9.8;9.6;9.3;9;8.6;8.1;7.6;7;6.5;6.1;5.8;5.6;5.5;5.4;5.3;5.1;4.9;4.7;4.6;4.5;4.4;4.3;4.3;4.3;4.3;4.3;4.4;4.4;4.3
French Guiana;;;;;;;;;;;;;;;;;;;;;;;;;;;;;;;;;;;;;;;;;46.99;44.07;41.21;38.58;36.24;34.25;32.57;31.08;29.71;28.41;27.17;25.99;24.88;23.83;22.85;21.92;21.03;20.17;19.33;18.52;17.71;16.9;16.1;15.31;14.55;13.83;13.17;12.6;12.11;11.72;11.41;11.2;11.05;10.95;10.86;10.78
French Polynesia;;;;;;;;;;;;;;;;;;;;;;;;;;;;;;;;;;;;;;;;;49.95;44.96;40.04;35.41;31.24;27.71;24.94;22.9;21.47;20.56;19.97;19.47;18.85;17.99;16.83;15.44;13.97;12.61;11.51;10.74;10.27;10.08;10.03;10.03;10.02;9.96;9.82;9.61;9.34;9.01;8.64;8.24;7.84;7.46;7.11;6.8
Gabon;397.6;396.66;395.72;394.78;393.82;392.88;378.94;366.51;353.27;340.37;327.78;324.9;317.86;311.55;305.92;299.95;294.67;289.06;283.11;277.28;271.47;265.72;258.26;250.87;241.9;233.06;222.77;212.7;203.93;194.25;185.03;176.25;167.88;159.92;152.33;145.1;138.21;131.65;125.4;121.1;116.8;112.7;108.8;105.4;102.3;99.6;97.4;95.7;94.2;93.1;92.2;91.3;90.4;89.5;88.6;87.8;87;86.2;85.4;84.6;83.6;82.3;80.8;79.2;77.3;75.3;73.2;70.7;68;65.5;63;60.5;57.9;56.1;53.9;52.2
Gambia;419;417.89;416.78;415.68;414.57;413.46;409.85;407.71;405.57;403.45;401.34;399.24;397.15;395.07;393;390.95;388.9;382.1;375.5;368.6;362.4;356.3;350.3;344.1;338.3;332.4;326.5;320.5;314.6;308.8;302.6;296.4;290;283.5;276.9;270.4;263.9;257.5;251.2;244.9;238.5;231.9;225.3;218.3;211.2;204;196.8;189.9;183.1;176.6;170.2;164.2;158.5;152.9;147.5;142.4;137.4;132.5;127.9;123.2;118.8;114.5;110.2;106;101.9;97.9;94.2;90.6;87.4;84.3;81.4;78.6;76.1;73.6;71.1;68.9
Georgia;172.6;167.05;161.69;156.49;151.46;146.6;141.89;137.33;132.92;128.65;124.51;122.84;119.87;116.76;113.56;110.26;106.86;103.41;99.87;96.4;92.43;90.61;88.83;87.08;85.37;83.69;82.04;80.42;78.84;77.29;75.77;74.28;72.82;71.38;69.98;68.6;66.3;64.3;62.3;60.2;58.3;56.5;54.7;53.2;51.8;50.7;49.8;49.1;48.6;48.1;47.7;47.2;46.6;46;45.2;44.3;43;41.5;39.8;37.8;35.7;33.4;31.1;28.9;26.7;24.6;22.7;20.9;19.3;17.9;16.6;15.5;14.4;13.4;12.6;11.9
Germany;87.29;84.24;81.3;78.46;75.71;73.07;70.52;68.05;65.68;63.38;61.17;59.03;56.97;54.98;53.06;51.21;49.42;47.69;46.03;44.42;42.87;40.6;38.45;36.42;34.49;32.67;30.94;29.31;27.2;26.4;25.7;24.9;24;23.1;22;20.8;19.5;18.3;17.1;16;15;14.1;13.2;12.5;11.8;11.1;10.6;10.1;9.5;9;8.5;8;7.6;7.2;6.8;6.5;6.2;5.9;5.7;5.5;5.4;5.2;5.1;5;4.9;4.7;4.6;4.5;4.4;4.3;4.2;4.1;4;3.9;3.8;3.7
Ghana;318.1;311.5;305.1;298.6;292.5;286.5;280.7;274.9;269;262.9;256.7;250.8;244.9;239.5;234.4;229.5;225;220.9;217.3;213.9;210.9;208.6;206.7;205;203.8;203.1;202.9;202.7;202.8;202.5;201.9;200.7;198.5;195.3;191;185.9;180.7;175.8;171.6;168.4;166.2;164.6;163.1;161.3;158.5;154.6;149.7;144.1;138.2;132.6;127.4;123.1;119.7;117.1;115.1;113.4;111.6;109.5;106.9;104;100.7;97.3;94.2;91.3;88.7;86.5;84.4;82.2;79.9;77.4;74.7;71.9;69.2;66.5;64;61.6
Gibraltar;;;;;;;;;;;;;;;;;;;;;;;;;;;;;;;;;;;;;;;;;;;;;;;;;;;;;;;;;;;;;;;;;;;;;;;;;;;;
Greece;145.45;130.25;116.65;104.46;93.55;83.78;75.03;67.19;60.17;53.88;44.05;56.78;62.68;58.25;63.1;59.8;59.6;59.1;58.3;57.1;55.8;54.3;52.7;51.1;49.4;47.7;46.2;44.6;42.7;40.1;37.5;35.4;34.1;33.2;32.4;31.4;30.1;28.6;26.8;25.1;23.4;21.9;20.6;19.5;18.4;17.4;16.4;15.3;14.3;13.3;12.5;11.9;11.4;10.9;10.5;10.1;9.7;9.3;8.8;8.3;7.8;7.3;6.8;6.3;5.9;5.5;5.2;5;4.9;4.8;4.7;4.6;4.5;4.3;4.2;4.1
Greenland;;;;;;;;;;;;;;;;;;;;;;;;;;;;;;;;;;;;;;;;;;;;;;;;;;;;;;;;;;;;;;;;;;;;;;;;;;;;
Grenada;168.76;167.52;166.3;165.08;163.87;162.94;162.01;161.09;160.17;159.26;158.35;155.96;151.35;147.36;142.5;138.25;133.89;129.42;124.86;121.07;116.68;113.01;109.38;105.81;102.28;98.79;95.35;92.5;89.25;86.71;84.31;81.52;79.4;77.41;75.9;68.58;61.96;55.98;50.57;45.69;40.19;38.72;37.31;35.95;27.5;27;26.5;25.9;25.2;24.3;23.3;22.3;21.2;20.2;19.3;18.5;17.9;17.3;16.8;16.4;16;15.6;15.2;14.9;14.5;14.2;14;13.7;13.5;13.4;13.2;13;12.7;12.5;12.2;11.8
Guadeloupe;;;;;;;;;;;;;;;;;;;;;;;;;;;;;;;;;;;;;;;;;30.93;29.38;27.91;26.51;25.19;23.94;22.75;21.62;20.55;19.54;18.58;17.66;16.8;15.98;15.2;14.47;13.76;13.1;12.47;11.87;11.29;10.75;10.23;9.73;9.26;8.82;8.41;8.03;7.68;7.37;7.07;6.79;6.53;6.27;6.02;5.77
Guam;;;;;;;;;;;;;;;;;;;;;;;;;;;;;;;;;;;;;;;;;38.03;36.58;35.22;33.93;32.72;31.58;30.51;29.49;28.52;27.6;26.69;25.79;24.89;23.99;23.08;22.16;21.22;20.29;19.37;18.47;17.61;16.81;16.08;15.41;14.82;14.28;13.8;13.36;12.94;12.54;12.15;11.76;11.39;11.03;10.69;10.36
Guatemala;395.32;381.06;367.19;353.7;340.57;327.78;315.31;303.17;295.21;287.45;279.9;272.54;265.38;258.41;251.62;245.01;238.57;232.3;227.6;223;218.5;214.1;209.9;205.7;201.5;197.1;192.8;188.3;183.8;179;174.1;169;164;159;154;149;144.1;139.2;134.4;129.6;124.8;120.1;115.5;110.9;106.5;102;97.6;93.3;89;84.9;80.9;77;73.3;69.7;66.4;63.3;60.4;57.7;55.1;52.8;50.6;48.6;46.6;44.8;43.1;41.4;39.9;38.4;36.9;35.7;34.5;33.3;32.1;31.1;30.1;29.1
Guernsey;;;;;;;;;;;;;;;;;;;;;;;;;;;;;;;;;;;;;;;;;;;;;;;;;;;;;;;;;;;;;;;;;;;;;;;;;;;;
Guinea;359.1;359.6;360.1;360.6;360.9;361.6;362;362.6;362.7;363;363.1;362.8;362.8;362.7;362.1;361.2;360;358.9;357.1;355.3;353.3;351.3;349;346.8;344.3;341.9;339;336.2;333.3;330.2;327.2;324.1;320.8;317.5;313.9;310.1;305.9;301.4;296.7;291.9;286.9;282.2;277.4;272.6;267.8;263.1;258.4;253.6;248.8;243.7;238.2;232.4;226.2;219.7;212.9;205.9;199;192;184.8;177.5;170.2;162.9;155.8;149;142.7;136.7;131.2;125.9;121;116.3;111.9;107.7;104;100.4;97;93.7
Guinea-Bissau;342.18;335.65;329.25;322.97;316.81;310.76;304.83;299.01;293.31;287.71;282.22;281.93;281.73;281.54;281.45;281.35;280.86;280.47;279.89;279.3;278.72;277.94;276.97;275.91;274.26;273.1;271.95;270.7;269.07;267.44;265.53;263.52;261.33;259.34;257.16;254.88;252.62;250.26;247.82;244.91;241.91;237.81;233.94;230.29;226.82;223.51;246.7;242.2;237.5;233.3;229.3;224.9;220.3;215.5;210.4;205.5;200.1;194.6;188.9;183.3;177.5;171.5;165.3;159;152.6;146.2;139.9;133.6;127.6;121.6;115.9;110.4;105.2;100.5;96.2;92.5
Guyana;204.74;158.87;190.78;301.99;291.66;204.97;172.02;168.42;168.56;165.3;157.7;150.2;143;135.9;128.8;121.8;115.2;108.9;103.2;98;93.3;89.2;85.7;82.8;80.4;78.5;77;75.9;74.9;74.3;73.9;73.6;73.4;73.2;73;72.7;72.4;72;71.5;71;70.4;69.8;69.2;68.5;67.7;66.8;65.8;64.7;63.3;61.9;60.4;58.8;57.2;55.6;54.1;52.7;51.4;50.2;49;47.8;46.7;45.6;44.8;44;43.4;42.8;42.4;42.1;41.9;41.7;41.5;41.4;41.2;40.8;40.2;39.4
Haiti;390.23;384.81;379.46;374.18;368.98;363.85;358.79;353.8;348.88;344.03;339.25;334.53;329.88;325.29;320.76;316.3;311.9;306.7;301.4;296.3;291.4;286.6;281.9;277.3;273;268.5;263.9;259.2;254.6;249.9;245.1;240.1;234.8;229.4;224;218.4;213;207.5;202.2;196.9;191.9;186.9;181.9;177;172.2;167.6;163;158.5;154.2;150;145.8;141.7;137.6;133.3;129.1;124.9;120.7;116.5;112.4;108.5;104.8;101.3;98.1;95.1;92.4;90;87.7;85.5;83.3;81.2;208.8;77.2;75.2;73.1;71;69
Holy See;;;;;;;;;;;;;;;;;;;;;;;;;;;;;;;;;;;;;;;;;;;;;;;;;;;;;;;;;;;;;;;;;;;;;;;;;;;;
Honduras;318.43;314.4;309.37;305.43;300.51;296.63;291.83;286.2;280.68;275.27;269.96;264.76;259.65;254.65;249.74;244.92;240.2;232.3;224.6;217.2;210.2;203.4;196.8;190.3;184.2;177.8;171.6;165.6;159.6;153.7;147.9;142.2;136.6;131.2;125.7;120.5;115.3;110.3;105.3;100.4;95.7;91.1;86.7;82.5;78.4;74.6;70.9;67.4;64.2;61.1;58.2;55.5;52.9;50.6;48.4;46.4;44.4;42.6;60;39.1;37.4;35.8;34.2;32.7;31.3;30;28.8;27.6;26.5;25.4;24.4;23.5;22.6;21.8;21.1;20.4
Hong Kong, China;;;;;;;;;;;;;;;;;;;;;;;;;;;;;;;;;;;;;;;;;14.81;13.93;13.11;12.34;11.61;10.92;10.27;9.66;9.09;8.55;8.05;7.57;7.12;6.69;6.29;5.92;5.57;5.25;4.95;4.67;4.42;4.2;3.99;3.8;3.62;3.46;3.32;3.19;3.06;2.95;2.85;2.75;2.67;2.58;2.5;2.42
Hungary;203.53;177.4;208.96;177.28;219.51;271.8;178.95;153.06;136.75;131.39;116.28;102.92;91.08;80.61;72.2;72.5;72.3;70.5;66.9;62.9;59.4;56.6;54.3;52.3;50.6;49;47.6;46.2;45;43.8;42.7;42.1;42;42.2;41.6;39.1;35.5;32.1;29.7;27.7;26.1;24.8;24.2;24.2;24.2;23.7;22.8;21.6;20.5;19.6;18.9;18.2;17.3;16;14.7;13.8;13.1;12.7;12.2;11.7;11.2;10.5;9.9;9.3;8.7;8.3;7.9;7.5;7.2;6.8;6.6;6.4;6.3;6.3;6.2;6.2
Iceland;50.27;48.28;67.8;42.97;49.76;44.69;39.18;32.31;34.1;29.45;30.7;29.2;27.8;26.5;25.3;24.4;23.6;22.9;22.3;21.8;21.4;21.1;20.7;20.2;19.7;19.1;18.5;17.8;17.1;16.5;15.8;15.2;14.6;14;13.4;12.8;12.2;11.5;10.9;10.3;9.8;9.2;8.8;8.4;8;7.7;7.4;7.1;6.9;6.6;6.4;6.2;5.9;5.7;5.5;5.2;5;4.7;4.5;4.2;4;3.8;3.6;3.4;3.3;3.1;2.9;2.8;2.7;2.5;2.4;2.3;2.2;2.1;2.1;2
India;260.8;257.38;265.89;269.17;275.47;245.01;249.39;253.85;258.39;263.01;267.72;271.59;275.52;279.5;274.5;269.5;264.9;260.4;256;251.8;247.7;243.7;240;236.3;232.9;229.6;226.3;223.1;219.8;216.6;213.3;209.9;206.1;202.2;197.9;193.4;188.6;183.4;178.2;172.8;167.6;162.6;157.9;153.5;149.2;145.2;141.2;137.3;133.4;129.5;125.8;122.2;118.8;115.4;112.1;108.7;105.3;101.9;98.3;94.8;91.2;87.7;84.3;81;77.7;74.6;71.5;68.5;65.6;62.7;59.9;57.2;54.5;52.1;49.8;47.7
Indonesia;394.7;411.81;397.29;383.28;369.76;356.73;344.15;332.01;320.3;309.01;298.11;287.6;279.4;271.5;263.7;256.1;248.8;241.7;234.9;228.5;222.4;216.5;210.7;205.1;199.5;193.9;188.2;182.5;176.8;171.1;165.6;160.3;155.1;150.1;145.3;140.8;136.5;132.4;128.5;124.8;121.1;117.5;113.9;110.3;106.7;103.1;99.5;95.9;92.2;88.4;84.7;80.9;77.1;73.6;70.1;66.7;63.6;60.5;57.6;54.9;52.3;49.8;47.6;45.4;49.3;41.4;39.6;37.9;36.2;34.7;33.1;31.7;30.4;29.3;28.2;27.2
Iran;450.07;429.31;409.47;391.56;373.13;355.42;338.3;321.84;305.93;306.66;307.38;308.11;308.83;309.56;310.28;311;311.72;312.44;313.15;306.57;300.13;293.82;287.64;281.58;275.65;269.85;264.16;258.59;238.26;219.48;202.23;186.6;178.2;170.2;162;153.7;145.2;136.4;127.4;118.5;109.9;101.9;94.6;88.2;82.5;77.4;72.8;68.5;64.5;60.8;57.5;54.5;51.9;49.6;47.4;45.3;43.2;41.1;38.9;36.8;34.7;32.7;30.8;29;27.3;25.7;24.2;22.8;21.4;20.2;19.2;18.3;17.5;16.8;16.1;15.5
Iraq;389.97;387.32;577.9;545.3;515.2;486.5;459.8;434.4;410.2;386.8;364.3;343.1;322.4;303.1;284.5;267;250.6;235.3;221.1;207.9;195.7;184.5;174.2;164.6;155.8;147.7;140.1;133.2;126.7;120.6;115;109.7;104.7;99.8;95.2;90.8;86.8;83;79.5;76.3;73.3;70.6;68;65.7;63.6;61.6;59.7;58.1;56.6;55.3;54.1;53;51.9;51;50;49.1;48.2;47.4;46.5;45.6;44.7;43.8;43;42.3;41.5;40.7;39.9;39.1;38.3;37.5;36.6;35.7;34.8;33.9;32.9;32
Ireland;90.28;103.38;95.1;118.72;111.83;98.36;88.64;93.44;59.2;56.5;54.2;51.9;49.5;47.1;44.9;43;41.3;39.7;38.2;36.8;35.3;33.9;32.5;31.3;30.1;28.6;27;25.5;24.1;23;22.2;21.7;21.4;21.1;20.6;20;19.1;18;16.8;15.5;14.3;13.3;12.4;11.7;11.1;10.7;10.4;10.1;9.9;9.6;9.2;8.6;8.1;7.7;7.4;7.3;7.3;7.3;7.3;7.3;7.1;6.9;6.5;6.1;5.6;5.2;4.9;4.6;4.5;4.3;4.2;4.1;4;3.8;3.7;3.6
Isle of Man;;;;;;;;;;;;;;;;;;;;;;;;;;;;;;;;;;;;;;;;;;;;;;;;;;;;;;;;;;;;;;;;;;;;;;;;;;;;
Israel;79.72;75.06;78.17;56.91;45.53;45.53;40.1;37.36;45.54;68.92;61.37;52.61;55.51;51.17;49.76;46.95;51.19;49.77;44.2;40.15;40.15;38.92;37.73;36.58;35.46;34.37;33.32;32.3;31.32;30.36;29.43;29.32;29.21;29.1;29.2;26.2;23.8;21.8;20.2;19;18;17.3;16.6;16;15.2;14.4;13.7;13.1;12.5;12.1;11.6;11.1;10.5;9.9;9.2;8.7;8.2;7.8;7.5;7.2;6.9;6.6;6.4;6.1;5.8;5.6;5.3;5.1;4.9;4.7;4.6;4.4;4.3;4.2;4.1;4
Italy;142.06;153.12;153.83;157.2;137.07;141.51;138.1;112.36;94.75;93.54;89.1;81.8;75.4;69.8;65.2;61.7;59.3;57.5;55.8;53.9;52;49.9;47.7;45.4;43.1;41;39.3;37.8;36.4;35.1;33.6;31.9;29.9;27.6;25.3;23.1;21.1;19.5;18.1;17;16.1;15.2;14.3;13.5;12.7;12;11.3;10.8;10.4;10;9.6;9.3;8.9;8.5;8;7.5;7;6.6;6.2;5.9;5.5;5.2;5;4.7;4.5;4.4;4.3;4.2;4.1;4.1;4;3.9;3.7;3.6;3.5;3.4
Jamaica;168.32;153.6;142.66;133.71;144.26;149.56;141.78;136.31;131.05;126.77;136.91;129.71;123;117.4;112.1;106.8;101.8;97.1;92.6;88.3;84.4;80.8;77.5;74.5;71.8;69.2;66.8;64.5;62.3;60;57.8;55.5;53.3;51.2;49.3;47.6;46;44.5;43.1;41.9;40.7;39.5;38.4;37.3;36.3;35.3;34.3;33.3;32.4;31.5;30.6;29.6;28.7;27.8;26.9;26;25.1;24.3;23.4;22.7;22;21.4;20.9;20.4;20;19.7;19.5;19.2;18.9;18.5;18.1;17.6;17.2;16.7;16.2;15.7
Japan;131.95;121.36;124.89;126.69;131.86;137.23;142.83;148.66;99.93;101.2;91.4;82.6;74.9;68.3;62.7;58.1;54;50.3;46.8;43.3;39.7;36.2;32.9;29.8;27;24.6;22.6;21;19.6;18.5;17.5;16.5;15.7;14.9;14.1;13.3;12.5;11.8;11.1;10.5;9.9;9.3;8.8;8.3;7.9;7.5;7.1;6.8;6.6;6.4;6.3;6.2;6.1;6;5.9;5.7;5.5;5.2;5;4.7;4.5;4.3;4.1;4;3.9;3.7;3.6;3.5;3.4;3.3;3.2;3.4;3;2.9;2.8;2.7
Jersey;;;;;;;;;;;;;;;;;;;;;;;;;;;;;;;;;;;;;;;;;;;;;;;;;;;;;;;;;;;;;;;;;;;;;;;;;;;;
Jordan;333.2;326.88;320.67;314.59;308.62;357.4;338.9;321.7;305.5;289.8;275.1;260.9;247.3;234.3;221.7;209.7;198;186.6;176;165.9;156.4;147.3;138.8;131;123.8;117.1;110.9;105.1;99.7;94.7;90.1;85.7;81.6;77.7;74.1;70.6;67.3;64.2;61.3;58.5;55.9;53.4;51;48.7;46.6;44.6;42.7;40.9;39.3;37.9;36.6;35.4;34.3;33.3;32.4;31.5;30.7;29.9;29.1;28.4;27.7;26.9;26.2;25.5;24.8;24.1;23.4;22.7;22.1;21.5;20.8;20.2;19.6;19;18.5;17.9
Kazakhstan;242.64;234.83;226.27;217.89;209.67;201.61;194.55;186.79;179.18;171.69;164.38;162.46;158.29;154.73;150.28;146.42;141.74;137.65;133.46;128.65;124.63;120.02;115.88;111.88;108.03;104.3;100.7;97.23;93.88;90.64;87.52;84.5;82.6;80.8;79.3;77.8;76.4;75;73.6;72;70.2;68.1;65.9;63.6;61.5;59.4;57.5;55.8;54.4;53.3;52.6;52.4;52.7;52.9;53.1;52.7;51.8;50.1;48.1;45.9;43.6;41.2;39;36.8;34.7;32.5;30.3;28.1;25.9;23.7;21.6;19.6;17.9;16.4;15.1;14.1
Kenya;451.57;437.92;424.68;411.84;399.39;387.32;375.61;364.25;353.24;342.56;332.2;317.55;303.5;286.9;270.8;256.1;242.3;229.9;218.3;208;198.6;190.1;182.5;176.1;170.6;165.8;161.8;158.3;154.7;151.1;147.4;143.8;140.1;136.3;132.3;128.1;123.8;119.6;115.2;110.9;107.3;103.7;100.4;97.5;95.4;94.1;93.4;93.5;94.4;95.8;97.7;99.8;102.1;104.1;105.8;106.9;107.4;107.1;106.2;104.7;102.5;99.7;96.4;92.7;88.8;84.5;80.4;76.4;71;67.2;63.6;59.8;57.1;54.5;52.3;50.6
Kiribati;271.22;270.21;269.21;268.21;267.22;266.23;265.24;264.26;263.28;262.3;261.33;258.77;253.49;248.87;241;233.38;226.01;218.86;211.94;205.25;198.76;192.48;186.39;180.5;173.5;167;160.7;154.8;149.5;144.4;140;136;132.5;129.8;127.7;126;124.8;124;123.3;122.9;122.3;121.7;120.7;119.3;117.4;114.9;111.9;108.3;104.3;100.1;96;92.2;89;86.2;83.8;81.6;79.4;77.3;75.1;72.8;70.6;68.5;66.9;65.7;65.1;64.8;64.8;64.8;64.5;63.9;62.9;61.7;60.4;58.9;57.4;55.9
North Korea;258.24;252.52;246.84;264.35;282.47;301.22;320.63;340.75;361.63;383.34;405.96;361.51;321.93;286.68;255.29;227.33;202.44;180.27;160.53;142.95;127.29;121.66;115.76;110.21;104.72;99.3;93.72;88.67;83.6;78.16;72.98;69.89;66.82;63.78;60.76;57.76;54.79;51.85;48.97;46.09;43.28;41.55;39.78;38.02;36.41;35.1;34.7;35.2;36.8;39.5;43.4;48.6;54.8;61.3;67.7;72.8;75.7;75.7;72.9;67.4;60;52;44.6;38.7;34.7;32.7;32.2;32.4;32.4;32.1;31.3;30.1;28.7;27.4;26.1;24.9
South Korea;281.63;291.01;300.7;310.72;321.06;331.74;342.78;354.18;365.96;378.13;390.7;330;279.5;238.3;205.2;179;158.5;142.7;130.4;120.8;113;106.5;100.6;95.1;89.5;83.7;77.7;71.6;65.3;59;52.8;46.7;41;35.8;31.1;27;23.5;20.4;17.9;15.9;14.3;13.1;12.2;11.4;10.6;9.9;9.3;8.6;8;7.5;7.1;6.8;6.4;6.1;5.8;5.5;5.3;5.3;5.4;5.7;6.1;6.4;6.5;6.4;6;5.6;5.2;4.8;4.5;4.3;4.1;4;3.9;3.7;3.6;3.5
United Korea (former);;;;;;;;;;;;;;;;;;;;;;;;;;;;;;;;;;;;;;;;;;;;;;;;;;;;;;;;;;;;;;;;;;;;;;;;;;;;
Kosovo;;;;;;;;;;;;;;;;;;;;;;;;;;;;;;;;;;;;;;;;;;;;;;;;;;;;;;;;;;;;;;;;;;;;;;;;;;;;
Kuwait;429.83;400.07;371.88;345.14;319.7;295.42;272.23;250.1;228.91;208.62;202.88;197.29;191.86;186.58;181.44;176.44;171.59;166.86;162.27;157.8;146.9;136.6;126.9;117.9;109.1;101.1;93.7;87;81.1;75.8;70.9;66.5;62.3;58.4;54.8;51.4;48.2;45.1;42.1;39.1;36.1;33.2;30.2;27.4;25;23.1;21.7;20.6;19.6;18.8;17.9;19.9;16.3;15.7;15.2;14.7;14.2;13.8;13.3;12.9;12.7;12.5;12.3;12.1;11.9;11.7;11.6;11.5;11.3;11.1;10.8;10.3;9.9;9.4;9;8.6
Kyrgyz Republic;231.85;226.51;221.29;216.19;211.2;206.33;201.58;196.93;192.39;187.95;183.62;181.66;177.35;172.84;168.97;164.15;159.98;154.91;150.46;145.37;141.07;139.12;137.19;135.29;133.41;131.56;129.74;127.94;126.16;124.42;122.69;120.31;118.13;116.25;114.48;112.6;110;107.6;105.2;102.4;99.5;96;92.2;87.9;83.5;79.1;75;71.4;68.4;66.2;65;64.7;64.5;64.1;63;61.3;58.9;56.3;53.7;51.1;48.7;46.4;44.4;42.5;40.8;39.3;37.9;36.3;34.4;32.3;30;27.8;25.7;24;22.6;21.3
Lao;381.79;371.46;360.19;350.28;339.47;329.96;319.57;310.46;301.5;291.73;283.11;279.7;276.32;272.99;269.69;266.44;263.22;260.05;256.91;253.81;250.74;248.17;245.63;243.11;240.62;238.15;235.71;233.3;230.91;228.54;226.2;223.88;221.58;219.31;217.06;214.84;212.64;210.46;208.3;204.2;200.3;196.6;192.9;189.2;185.5;181.8;178.1;174.3;170.5;166.4;162.4;158.2;153.8;149.3;144.7;140.1;135.5;130.9;126.4;122;117.7;113.4;109.2;105.1;101.1;97.2;93.5;89.8;86.2;82.8;79.7;76.7;74;71.3;69.1;66.7
Latvia;135.89;134.83;133.77;132.01;130.98;129.95;128.92;127.9;126.88;125.86;113.61;102.56;92.58;83.57;75.44;68.1;61.47;55.49;50.09;45.22;39.03;34.65;36.5;36.97;32.12;28.18;26.62;27.4;28.63;26.95;27.14;23.8;23.4;23.3;27.15;29.35;29.1;26.02;26.89;25;24.9;24.7;24.3;23.6;22.4;21;19.6;18.6;18.3;19;20.4;22;23.2;23.8;24;23.7;22.9;21.6;20.1;18.6;17.2;16;15.1;14.3;13.4;12.5;11.8;11.1;10.5;9.9;9.4;9;8.7;8.4;8.2;7.9
Lebanon;408.19;371.35;336.91;304.62;274.22;246.48;219.36;200.21;182.74;166.79;152.23;138.94;126.81;115.74;105.64;96.42;88;85.4;82.7;80;77.4;75.1;72.9;70.9;69.1;67.6;66.3;65.2;64.2;63.4;62.7;61.9;61.2;60.5;59.6;58.6;57.4;56;54.5;52.9;51.2;49.4;47.5;45.6;43.6;41.6;39.6;37.7;35.9;34.1;32.5;31;29.6;28.3;27;25.8;24.6;23.5;22.3;21.2;20;18.8;17.6;16.4;15.2;14.1;13;12.1;11.3;10.7;10.1;9.7;9.3;8.9;8.6;8.3
Lesotho;357.88;346.08;334.66;323.63;312.95;302.63;292.65;282.99;273.66;264.63;255.9;244.35;233.3;226.2;219.4;212.9;206.9;201.5;197.2;193.8;191.5;190.2;189.7;189.7;189.7;189.5;188.8;187.1;184.5;181;177;172.9;168.5;163.9;158.8;153.3;147.4;141.2;135;128.7;122.6;116.7;111.1;105.9;101.3;97.2;93.6;90.4;87.7;85.4;83.7;82.8;82.9;84;86.4;89.6;93;96.4;99.8;102.9;106;108.6;111.2;113.8;115.8;117.3;118.3;115.6;114.2;105.7;101.5;98.5;97.5;98.9;98.4;97.1
Liberia;367.51;365.65;363.79;361.94;360.1;358.25;353.16;347.57;342.07;336.66;331.32;326.07;320.9;315.81;310.8;311.4;313.2;314.1;315;315.7;316.3;316.4;315.4;314;311.7;308.8;305.6;301.4;296.8;291.6;286.3;281.2;276.2;271.3;266.1;261.2;256.8;252.3;248.4;244.6;241.1;238;235.6;234;233.7;235;237.8;242.1;246.9;251.5;255;256.7;255.4;251.6;245.5;237.4;227.7;217.1;205.8;193.9;181.8;169.7;157.6;145.9;134.8;124.7;115.7;107.8;100.9;94.7;89.3;84.5;80.3;76.3;72.9;69.9
Libya;367.57;367.37;367.16;366.96;366.75;366.55;366.34;366.14;365.93;365.73;365.52;365.32;365.12;364.91;364.71;364.5;364.3;341.7;320.3;300.3;281.5;263.4;246.7;230.7;215.2;200.6;186.6;173.2;160.5;148.7;137.8;127.6;118.3;109.9;102.3;95.5;89.4;84;79.1;74.8;70.8;67.2;63.7;60.5;57.3;54.4;51.6;48.9;46.3;43.9;41.6;39.5;37.6;35.9;34.4;33.1;31.9;30.8;29.9;29;28.1;27.3;26.5;25.5;24.4;23.1;21.7;20.2;18.8;17.6;16.6;17.6;15.1;14.5;13.9;13.4
Liechtenstein;;;;;;;;;;;;;;;;;;;;;;;;;;;;;;;;;;;;;;;;;;;;;;;;;;;;;;;;;;;;;;;;;;;;;;;;;;;;
Lithuania;138.04;133.41;129.57;125.77;122.04;118.34;114.06;110.47;106.98;103.5;99.07;94.83;90.77;86.89;83.17;79.61;76.2;72.94;69.82;66.83;48.54;45.3;45.25;43.42;37.22;32.28;30.33;29.9;28.9;27.4;25.4;23.5;22.8;23.5;24.6;25.1;24.9;24.4;23.9;23.3;22.5;21.8;21.2;20.6;20;19.1;18;16.8;15.8;15.5;16.5;18.4;19.8;19.7;18.4;16.6;14.8;13.5;12.8;12.3;11.8;11.3;10.9;10.6;10.3;9.9;9.4;8.8;8.2;7.4;6.8;6.1;5.5;4.9;4.4;4
Luxembourg;113.02;125.54;137.12;166.29;218.6;204.5;113.19;103.21;94.26;92.17;89.53;82.04;75.17;68.88;63.12;57.84;53;48.56;44.5;40.78;37.36;32.13;35.82;33.43;29.2;28.1;27;25.9;24.7;23.6;22.4;21.1;20;18.8;17.7;16.7;15.8;15.1;14.4;13.8;13.3;12.9;12.5;12;11.6;11.2;10.7;10.2;9.8;9.3;8.8;8.3;7.7;7.3;6.8;6.4;6;5.7;5.4;5.1;4.8;4.6;4.3;4.1;3.8;3.5;3.3;3;2.8;2.6;2.4;2.3;2.1;2;2;1.9
Macao, China;;;;;;;;;;;;;;;;;;;;;;;;;;;;;;;;;;;;;;;;;25.41;24.24;23.12;22.05;21.03;20.05;19.12;18.23;17.39;16.58;15.81;15.08;14.37;13.71;13.07;12.46;11.88;11.33;10.8;10.3;9.82;9.36;8.92;8.51;8.11;7.73;7.37;7.04;6.72;6.42;6.14;5.86;5.59;5.33;5.07;4.81
Macedonia, FYR;227.92;221.78;215.8;209.97;204.31;198.79;193.43;188.21;183.13;178.19;173.38;174.64;175.91;177.19;178.48;179.78;181.09;182.4;183.73;185.07;186.41;178.71;171.32;164.24;157.45;150.94;144.7;138.72;132.98;127.48;122.21;113.94;106.22;99.02;92.32;86.06;80.23;74.8;69.73;65.01;61.99;56.5;55;53;50.8;49.5;48.8;47.3;43.9;39.7;36.6;35;33.5;31.1;27.8;24.6;21.8;19.6;18.1;16.9;16;15.2;14.5;14.2;14;13.7;13.2;12.5;11.8;11;9.9;8.6;7.4;6.6;6;5.5
Madagascar;380.73;378.26;375.8;373.35;370.9;368.46;354.99;342.99;330.26;317.91;306.87;301.91;295.07;288.01;281.59;274.07;260.6;247.8;235.61;224.02;213;202.52;192.55;183.06;174.04;165.47;159.77;153.95;148.6;150.2;151.9;153.7;155.7;158.2;161;163.5;165.9;168;170.1;172.2;174.6;177.6;180.3;182.4;183.1;182.4;180.1;176.5;171.7;166.2;160.7;155.8;151.3;147.1;142.9;138.4;133.4;127.7;121.7;115.5;109.2;103.1;97.2;91.5;85.9;80.6;75.4;70.8;66.7;63.3;60.3;57.8;55.5;53.4;51.5;49.6
Malawi;393.67;392.03;390.4;388.77;387.14;385.52;383.91;382.31;380.71;379.12;377.53;375.95;374.38;372.81;371.25;369.7;368.15;366.61;365.07;363.54;362.02;360.5;358.7;356.7;355.2;353.5;351.4;350.1;348.3;345.8;342;336.9;330.3;322.7;314.5;305.8;296.4;286.3;275.9;265.4;256.6;249.4;245;243.7;245.2;248.2;250.4;250.2;247.4;242.5;235.9;227.8;219.6;212.3;206.4;201.9;198.2;194.6;189.9;182.7;172.8;160.7;147.5;134.9;124.5;116.5;110.5;105.8;101.1;96.5;92;85.7;78.6;72.6;68.2;65.4
Malaysia;274.23;262.12;251.22;239.67;229.28;218.26;208.37;196.56;185.43;174.93;165.02;155.67;146.85;138.53;130.69;123.28;116.3;110;104;98.3;92.8;87.8;83.1;78.8;74.7;71;67.5;64.3;61.3;58.5;55.8;53.1;50.5;47.8;45.2;42.5;40;37.4;35;32.7;30.5;28.5;26.6;24.8;23.2;21.8;20.5;19.4;18.4;17.4;16.6;15.8;15.1;14.4;13.8;13.3;12.9;12.4;11.7;11;10.2;9.5;8.9;8.5;8.3;8.1;8;8;8;8.1;8.3;8.4;8.4;8.4;8.4;8.2
Maldives;367.95;367.29;366.63;365.97;365.31;364.65;364;363.34;362.69;362.03;361.38;359.21;355.93;352.22;350.01;347.81;345.63;343.46;341.3;339.15;337.02;334.9;332.8;323.5;315;306.6;297.9;289;279.8;270.5;260.9;250.5;239.5;227.9;215.9;204.4;193.4;183;173.2;163.9;155.3;147.3;140;133.1;126.6;120.3;114.5;108.9;103.7;98.8;94.1;89.5;85.1;80.4;75.7;70.8;65.8;60.5;55.2;49.8;44.4;39.2;34.3;29.9;28.8;22.8;20.1;17.8;16;14.4;13;11.8;10.7;9.9;9.2;8.6
Mali;445.26;447.07;448.89;450.71;452.54;454.38;456.23;458.08;459.94;461.81;463.68;465.56;467.45;469.35;471.25;473.16;475.08;477.01;478.94;480.88;482.83;469.44;456.46;443.5;435.8;428.5;421.8;415.4;409.8;404.6;400;395.4;390.3;384;376.6;368.3;359.4;350.4;341.4;332.9;324.7;317;308.9;300.7;292.6;285;277.9;271.3;265.2;259.5;254.4;250;246.6;243.9;242;240;237.9;235.3;231.7;226.4;219.6;211.2;201.8;191.8;181.7;171.8;162.9;155.1;148.3;142;136.6;131.7;127;122.7;118.3;114.7
Malta;69.02;68.09;67.17;66.27;65.38;64.5;63.63;62.78;61.93;61.1;60.28;59.47;58.67;57.88;57.1;53.7;50.6;47.7;45;42.6;40.7;39.1;37.7;36.5;35.4;34.3;33.1;31.8;30.5;29.2;27.8;26.5;25.1;23.8;22.6;21.4;20.2;19.2;18.3;17.6;16.9;16.3;15.7;15.1;14.5;13.9;13.3;12.8;12.3;11.8;11.4;11;10.6;10.2;9.9;9.5;9.1;8.7;8.4;8.1;7.8;7.5;7.3;7.1;7;6.9;6.8;6.7;6.6;6.5;6.4;6.4;6.3;6.1;6;5.9
Marshall Islands;;;;;;;;;;;;;;;;;;;;134.4;129;123.7;118.6;114;109.4;105;101.1;97.3;93.7;90.5;87.5;84.7;82.4;80.4;78.7;77.3;76;74.7;73.5;72.1;70.5;68.8;66.9;64.9;62.8;60.7;58.7;56.6;54.5;52.4;50.3;48.3;46.4;44.8;43.4;42.5;41.9;41.6;41.5;41.5;41.4;41.3;41.1;40.7;40.4;40.2;39.9;39.7;39.5;39.3;39.1;38.8;38.3;37.8;37;36
Martinique;;;;;;;;;;;;;;;;;;;;;;;;;;;;;;;;;;;;;;;;;31.16;29.61;28.13;26.73;25.4;24.14;22.94;21.8;20.72;19.69;18.72;17.79;16.91;16.07;15.28;14.52;13.79;13.09;12.42;11.78;11.19;10.67;10.23;9.86;9.56;9.31;9.1;8.9;8.68;8.44;8.17;7.87;7.55;7.22;6.9;6.58
Mauritania;351.7;348.2;345.2;342.1;339.3;336;332.6;329;325.1;320.9;316.4;311.4;306.3;300.7;294.8;288.8;282.7;276.2;269.6;262.8;255.9;249;242;235.2;228.5;222;215.5;208.8;202.6;197.5;193.9;191.5;190.2;189.3;188;185.5;182;178;173.4;168.6;164.1;159.5;154.9;150;144.8;139.2;133.7;128.6;124.3;120.7;118.1;116.2;114.9;114.3;113.9;113.8;113.9;113.9;113.9;113.6;113.5;113.1;112.9;112.4;111.4;109.8;107.9;105.5;103;100.4;97.8;95.4;92.7;90.2;87.5;84.7
Mauritius;263.42;214.62;265.07;227.66;225.8;305.55;233.19;175.2;302.25;132.9;106.82;120.56;115.35;138.27;115.35;128.91;135.4;121.1;111.7;105.8;102.1;98.6;93.4;87;83.6;86.4;92.7;96.1;92.7;86.9;82.9;81;79.4;76.9;72.3;65.2;57.4;50.8;46.2;42.9;40.3;37.7;34.7;31.3;28.9;28.4;29;28.8;27.1;24.9;23.1;21.8;21.2;21.2;21.6;22.2;22.7;22.6;21.6;20.2;18.6;17.1;16.1;15.6;15.6;15.7;15.9;16;15.8;15.5;15.2;14.9;14.6;14.3;13.9;13.5
Mayotte;;;;;;;;;;;;;;;;;;;;;;;;;;;;;;;;;;;;;;;;;37.24;34.95;32.8;30.79;28.9;27.12;25.45;23.89;22.42;21.04;19.75;18.53;17.4;16.33;15.33;14.38;13.5;12.67;11.9;11.17;10.48;9.84;9.23;8.67;8.14;7.64;7.17;6.72;6.31;5.92;5.56;5.23;4.94;4.69;4.47;4.27
Mexico;298.55;264.6;290.64;260.99;256.44;246.5;240.33;226.42;208.78;229.21;219.37;209.96;200.95;192.32;184.07;176.17;168.61;161.37;154.44;147.82;142.94;138.26;133.78;129.7;127.3;124.6;122;119.1;115.8;112.3;108.6;104.9;101.1;97.7;94.5;91.5;88.6;85.6;82.4;78.8;75.1;71.3;67.6;64.3;61.4;58.7;56.2;53.8;51.4;49;46.6;44.1;41.7;39.4;37.2;35;33;31;29.1;27.3;25.6;24.1;22.6;21.4;20.4;19.5;18.9;18.4;17.9;17.4;16.8;16;15.3;14.5;13.8;13.2
Micronesia, Fed. Sts.;178.74;177.57;176.39;175.22;174.06;172.91;171.76;170.62;169.49;168.37;167.25;165.28;161.85;158.23;154.45;150.53;146.45;142.29;138;133.78;129.64;125.56;121.57;117.62;113.73;109.88;106.07;102.34;98.78;95.41;92.23;88.68;84.88;81.24;77.75;74.42;71.22;68.17;65.24;62.44;61.59;57.2;58;58.7;59;59;58.6;58;57.1;56.3;55.6;55.2;55;55.1;55.3;55.6;55.9;56;55.6;54.9;53.9;52.8;51.6;50.2;48.8;47.4;45.9;44.6;43.1;42;40.7;39.4;38.2;37;35.8;34.7
Moldova;174.04;169.9;165.86;161.91;158.06;154.3;150.62;147.04;143.54;140.12;136.79;134.38;131.28;127.38;124.04;120.58;117.05;113.4;109.68;106.66;103.05;99.55;95.35;91.33;87.48;83.79;80.26;76.87;73.63;70.52;67.55;64.7;62.9;61.3;59.5;57.7;56.1;54.5;53.1;51.7;50.3;48.9;47.2;45.2;43.1;40.9;38.8;36.7;34.9;33.6;33.1;33.3;34.2;35.6;37;38.2;38.5;38;36.6;34.3;31.4;28.4;25.4;22.9;20.9;19.5;18.6;18;17.6;17.3;17.1;16.9;16.7;16.4;16.1;15.8
Monaco;;;;;;;;;;;;;;;;;;;;;;;;;;;;;;;;;;;;;;;;;;;;;;;;;;8.1;7.8;7.4;7.1;6.8;6.5;6.2;6;5.8;5.5;5.3;5.2;5;4.8;4.7;4.6;4.5;4.4;4.3;4.2;4.1;4;3.9;3.8;3.7;3.6;3.5
Mongolia;383.31;382.43;381.56;380.68;379.81;378.93;354.12;329.4;306.84;284.26;263.58;260.01;256.49;253.01;249.58;246.2;242.87;239.58;236.33;233.13;229.97;226.86;223.78;220.75;217.76;214.81;211.9;209.03;206.2;203.4;200.65;197.93;195.24;192.6;189.99;187.42;184.88;182.37;179.9;172.7;165.9;159.4;153.3;147.4;141.5;135.8;130;124.2;118.5;113.1;107.8;102.8;98;93.4;89;84.6;80.3;75.9;71.5;67.1;62.7;58.4;54.3;50.4;46.8;43.4;40.3;37.4;34.8;32.3;30;28;26.2;24.7;23.5;22.4
Montenegro;191.76;185.58;178.71;171.98;165.37;158.88;152.53;146.3;140.2;134.2;128.32;127.32;124.96;122.45;119.17;115.77;111;106.83;101.4;96.71;91.57;86.59;81.75;77.58;73.53;69.57;65.74;62.47;58.93;55.57;52.38;49.83;47.39;45.5;43.63;41.57;39.61;37.74;35.96;34.26;30.25;29.68;29.03;28.31;26.9;24.6;22.4;20.5;18.9;17.6;16.6;16;15.6;15.3;15.2;15.1;15;14.9;14.6;14.3;13.8;13.2;12.6;11.9;11.1;10.4;9.6;8.9;8.1;7.4;6.8;6.2;5.7;5.3;5;4.7
Montserrat;;;;;;;;;;;;;;;;;;;;;;;;;;;;;;;;;;;;;;;;;;;;;;;;;;;;;;;;;;;;;;;;;;;;;;;;;;;;
Morocco;364.59;350.09;335.99;322.27;308.91;304.91;300.96;297.06;293.21;289.41;285.66;281.96;278.3;274.7;271.14;265.32;259.7;254.4;249.3;244.3;239.4;234.5;229.6;224.5;219.3;214.1;208.7;203.4;198.1;193.2;188.7;184.4;180.4;176.1;171.4;166.2;160.4;154.1;147.4;140.6;133.8;127.2;120.8;114.6;108.6;103;97.7;92.7;88.1;84;80.1;76.5;73;69.7;66.4;63.3;60.3;57.5;54.8;52.3;50;47.9;45.8;43.9;42.1;40.4;38.8;37.3;35.8;34.5;33.1;31.9;30.7;29.7;28.6;27.6
Mozambique;402.12;401.15;400.17;399.18;398.21;397.23;396.25;395.28;394.29;393.31;392.33;388.99;382.09;374.87;367.22;355.22;343.61;332.38;321.52;311.01;300.84;291.01;281.5;280.8;279.8;278.9;278.1;277.1;276.2;275.1;273.8;272.7;271.6;270;268.6;267.4;266;265;263.9;263.1;262.5;261.5;260.4;258.8;256.8;254.1;251.1;247.8;244.5;241.2;237.9;234.1;229.8;224.6;218.5;211.4;203.4;194.6;185.5;176.5;168;160;152.7;146;139.7;133.7;128;120.9;114.4;108.7;103.8;98.9;93;87.2;83.4;80.6
Myanmar;396.09;395.17;429.05;421.7;425.76;426.02;413.68;400.4;388.65;373.68;358.04;348.94;340.06;331.41;322.98;314.77;306.76;298.96;291.35;283.94;276.72;263.58;251.06;239.14;227.78;216.97;206.66;196.85;187.5;183.3;179.2;175.2;171.2;167.1;163.2;159.1;155.3;151.2;147.3;143.6;140;136.7;133.4;130.3;127.2;124.3;121.3;118.5;115.6;112.7;109.9;107;104.1;101.1;98.2;95.4;92.7;90;87.4;84.8;82.3;79.9;77.5;75.2;72.8;70.5;68.1;65.8;87.2;61.4;59.3;57.2;55.3;53.5;51.7;50
Namibia;373.04;362.7;352.56;342.68;334.04;324.5;315.15;305.98;297;288.19;279.54;262.64;246.77;231.85;217.83;204.66;192.29;180.67;169.74;159.48;149.84;140.4;131.55;123.26;115.49;108.21;101.39;95;95.6;96.1;96.6;97.2;97.8;98.4;98.9;99.4;99.9;100.1;100.1;99.7;98.7;97.1;94.9;92.3;89.2;85.8;82.4;79.1;76;73;70.4;68.1;66.3;65.2;64.9;65.2;66;67.3;68.7;70.1;71.4;72.1;72.4;72.4;71.7;70.7;68.7;65.2;62.2;58.6;55.4;53.6;51.9;49.5;47.7;46.7
Nauru;;;;;;;;;;;;;;;;;;;;;;;;;;;;;;;;;;;;;;;;;;;;;;;;;;;56.9;54.9;53.1;51.3;49.6;48;46.4;44.9;43.5;42.2;41.2;40.3;39.5;39;38.8;38.7;39;39.3;39.7;39.7;39.4;38.8;38.1;37.2;36.3;35.4
Nepal;368.65;367.61;364.51;361.43;358.38;355.35;352.35;349.38;346.43;343.5;340.6;339.9;339.3;338.6;337.8;336.7;335.8;334.3;332.9;330.4;327.1;323;318.1;312.6;306.5;300;293.1;286.3;279.8;273.6;267.6;261.8;256.2;250.8;245.3;239.8;234.2;228.3;222.2;215.8;209.4;202.9;196.3;189.8;183.2;176.5;169.5;162.3;155.1;147.9;140.7;133.6;126.7;120;113.7;107.7;101.8;96.3;90.8;85.6;80.6;75.9;71.5;67.4;63.5;60;56.6;53.6;50.7;48;45.4;43.1;40.9;39;37.4;35.8
Netherlands;52.06;56.83;54.14;62.11;70.77;103.79;62.09;41.86;35.88;33.4;31.9;30.4;29;27.6;26.3;25.1;24;23.1;22.2;21.5;20.8;20.3;19.7;19.3;18.8;18.3;17.9;17.4;16.9;16.4;15.8;15.3;14.7;14.1;13.6;13.1;12.6;12.1;11.6;11.2;10.9;10.6;10.4;10.2;9.9;9.7;9.5;9.2;8.9;8.6;8.3;8;7.7;7.4;7.1;6.9;6.7;6.5;6.4;6.3;6.2;6.1;5.9;5.7;5.6;5.4;5.2;5;4.8;4.6;4.4;4.3;4.2;4;3.9;3.8
Netherlands Antilles;;;;;;;;;;;;;;;;;;;;;;;;;;;;;;;;;;;;;;;;;;;;;;;;;;;;;;;;;;;;;;;;;;;;;;;;;;;;
New Caledonia;;;;;;;;;;;;;;;;;;;;;;;;;;;;;;;;;;;;;;;;;49.8;47.51;45.34;43.28;41.34;39.51;37.79;36.18;34.67;33.25;31.91;30.66;29.48;28.37;27.33;26.33;25.39;24.5;23.66;22.85;22.09;21.37;20.69;20.04;19.43;18.84;18.29;17.76;17.26;16.78;16.32;15.86;15.43;15;14.58;14.18
New Zealand;44.39;48.3;44.23;46.79;46.7;41.4;37.53;34.9;33.64;36.3;35.5;34.8;33.9;33;32.1;31.3;30.7;30.1;29.5;28.8;27.9;26.8;25.8;24.7;23.8;23.1;22.5;22;21.6;21.2;20.8;20.3;19.9;19.4;18.9;18.3;17.7;17.1;16.6;16.1;15.6;15.2;14.8;14.5;14.2;13.8;13.4;12.9;12.4;11.8;11.2;10.6;10;9.5;9.1;8.7;8.4;8.1;7.8;7.6;7.4;7.2;7;6.9;6.7;6.6;6.5;6.4;6.4;6.3;6.2;6.1;6;5.9;5.8;5.7
Ngorno-Karabakh;;;;;;;;;;;;;;;;;;;;;;;;;;;;;;;;;;;;;;;;;;;;;;;;;;;;;;;;;;;;;;;;;;;;;;;;;;;;
Nicaragua;353.6;346.07;337.6;330.33;322.09;314.03;301.78;290.02;278.71;267.85;257.41;247.37;237.73;228.46;219.56;211;208.4;205.8;203.7;201.5;199.3;197;194.8;192.5;190;187.6;184.9;182;178.8;175.2;171.4;167.2;162.4;157.1;151.1;144.7;137.8;130.5;123.2;116;109.1;102.7;96.8;91.5;86.8;82.7;78.9;75.6;72.6;69.7;66.9;64;61.2;58.3;55.5;52.7;50;47.4;50.3;42.5;40.3;38.3;36.4;34.7;33.2;31.7;30.4;29.2;28.1;27.1;26.1;25.2;24.4;23.5;22.8;22.1
Niger;396.12;395.19;394.25;393.32;392.39;391.45;381.06;370.88;360.88;349.98;340.4;339.58;338.75;336.41;334.7;331.5;327.88;323.85;322.96;322.08;321.2;320.32;319.44;318.57;317.7;316.83;315.96;315.1;318.8;322.9;327;330.9;334.3;337;338;337.1;334.6;330.5;326;322;319.6;319.1;321;324.5;328.9;332.9;335.8;336.9;335.7;332.9;328.2;321.9;313.7;303.8;292.2;279.5;267.1;255.9;245.8;236.4;227.3;217.6;207;195.7;184.1;172.7;161.8;151.3;141.3;132.1;123.6;116.1;109.6;104.1;99.6;95.5
Nigeria;409.4;408.94;408.48;408.01;407.54;407.07;399.17;391.47;383.83;377.48;370.03;367.29;363.4;360.02;356.68;353.37;350.09;346.84;343.62;340.42;337.26;334.12;331.02;329.37;327.5;320.5;313.8;307;300;292.6;284.9;277.1;268.9;260.4;252.3;244.3;236.8;229.9;223.8;218.6;214.4;211.5;209.6;208.9;208.8;209.5;210.6;211.5;212.2;212.6;212.5;212.2;211.7;211;209.7;207.8;205.1;201.4;197;192;186.8;181.3;175.6;169.9;164.1;158.1;152.2;146.4;140.9;135.5;130.3;125.5;120.9;116.6;112.5;108.8
Niue;;;;;;;;;;;;;;;;;;;;;;;;;;;;;;;;;;;;;;;;;;;;;;;11.2;11.8;12.4;13.1;13.8;14.6;15.3;16.1;17;17.9;18.8;19.8;20.9;22;23.2;24.4;25.6;26.7;27.4;27.8;27.8;27.6;27.3;26.8;26.2;25.6;24.9;24.3;23.6;23
Norfolk Island;;;;;;;;;;;;;;;;;;;;;;;;;;;;;;;;;;;;;;;;;;;;;;;;;;;;;;;;;;;;;;;;;;;;;;;;;;;;
Northern Cyprus;;;;;;;;;;;;;;;;;;;;;;;;;;;;;;;;;;;;;;;;;;;;;;;;;;;;;;;;;;;;;;;;;;;;;;;;;;;;
Northern Mariana Islands;;;;;;;;;;;;;;;;;;;;;;;;;;;;;;;;;;;;;;;;;;;;;;;;;;;;;;;;;;;;;;;;;;;;;;;;;;;;
Norway;49.29;55.3;53.3;53.58;54.24;49.39;47.6;41.87;36.34;34.28;32.9;30.9;29.1;27.6;26.6;25.8;25.2;24.6;23.9;23.3;22.6;22.1;21.5;21;20.4;19.7;19;18.2;17.5;16.9;16.2;15.6;15;14.3;13.6;12.9;12.2;11.5;10.9;10.4;10.1;9.9;9.9;10;10.1;10.2;10.3;10.1;9.8;9.3;8.7;7.9;7.2;6.6;6.1;5.7;5.4;5.2;5.1;5;4.9;4.7;4.5;4.4;4.2;4;3.9;3.7;3.6;3.4;3.2;3.1;2.9;2.8;2.7;2.5
Oman;401.54;401.21;400.88;400.55;400.22;399.89;399.56;399.23;398.9;398.58;398.25;397.92;397.59;397.26;396.94;396.61;396.28;395.95;395.63;395.3;376.8;359.1;341.5;325.8;310.4;295.5;281.3;267.5;253.9;240.5;227.6;215.1;202.7;190.8;179;167.4;155.8;144.4;133.1;122.2;111.6;101.4;91.6;82.4;73.9;66.1;59.3;53.3;48.1;43.6;39.4;35.7;32.4;29.4;26.8;24.5;22.5;20.8;19.2;17.8;16.6;15.5;14.6;13.8;13.2;12.7;12.3;12.1;11.9;11.7;11.7;11.6;11.6;11.7;11.6;11.6
Pakistan;403.22;403.61;404;404.39;404.78;405.16;405.55;405.94;406.33;406.71;407.1;388.8;371.5;354.7;338.9;324.1;310.1;296.7;284.4;272.8;261.9;251.6;241.9;232.7;224.3;216.7;209.8;203.8;198.3;193.3;188.8;184.7;181;177.7;174.6;172;169.6;167.3;165.3;163.4;161.5;159.6;157.7;155.6;153.4;151.1;148.7;146.2;143.6;141.1;138.6;136;133.5;131;128.3;125.7;123;120.3;117.6;114.9;112.3;109.8;107.5;105.3;103.2;101.2;99.3;97.4;95.5;93.7;91.8;89.9;87.8;85.6;83.3;81.1
Palau;;;;;;;;;;;;;;;;;;;;;;;;;;;;;;;;;;;;;;;;;;;;;41.8;40.8;39.9;39;38;37.1;36.1;35.2;34.2;33.3;32.3;31.3;30.4;29.4;28.5;27.7;26.8;25.9;25.1;24.4;23.6;22.9;22.1;21.4;20.7;20.1;19.4;18.8;18.2;17.5;17;16.4
Panama;273.22;252.12;232.65;214.68;198.1;182.8;168.68;155.65;143.63;132.54;122.3;119.1;115.6;112.3;109;105.9;103;100.1;97.4;94.7;92.1;89.5;86.8;84.2;81.8;79.6;77.4;75.2;72.9;70.5;67.7;64.7;61.6;58.6;55.7;53.3;51.2;49.3;47.7;46.1;44.6;43;41.4;39.8;38.2;36.7;35.4;34.1;32.9;31.9;30.9;30.1;29.4;28.9;28.4;28.1;27.7;27.4;27;26.5;26;25.4;24.8;24.1;23.5;22.9;22.3;21.7;21;20.5;19.8;19.2;18.7;18.1;17.6;17
Papua New Guinea;386.43;385.44;384.43;383.43;382.42;381.42;363.14;345.74;329.17;313.39;298.37;284.07;270.45;257.49;245.15;233.4;226.3;219.4;212.8;206.5;200.2;194;188;182.1;176.3;170.6;165;159.7;154.4;149.3;144.4;139.8;135.4;131.2;127.2;123.5;119.9;116.6;113.6;110.7;108.1;105.6;103.2;101.1;99;97.2;95.5;93.9;92.4;90.9;89.4;88;86.6;85.3;84.1;83;82;81;80.2;79.3;78.5;77.7;77;76.1;75.2;74.2;72.9;71.5;69.7;67.9;66.1;64.3;62.5;60.9;59.1;57.3
Paraguay;223.6;210.12;193.83;178.8;164.94;152.16;140.36;129.48;119.44;110.19;101.64;93.77;92.97;92.28;91.49;90.69;89.9;88.7;87.5;86.4;85.3;84.3;83.4;82.7;82;81.3;80.6;80.1;79.4;78.7;78;77.1;76.1;75.1;73.8;72.5;71.1;69.6;68;66.4;64.7;62.9;61;59.1;57.2;55.3;53.5;51.7;49.9;48.2;46.5;44.9;43.3;41.9;40.5;39.2;37.9;36.8;35.7;34.6;33.5;32.5;31.5;30.4;29.4;28.4;27.5;26.6;25.7;24.9;24.1;23.3;22.6;21.9;21.2;20.5
Peru;336.84;328.41;319.06;317.75;316.45;315.15;313.86;312.57;311.28;310;308.73;307.46;306.2;293;280.3;268.5;258.4;249;241.1;234;227.4;220.7;213.8;206.6;199.4;192.3;185.6;179.5;173.9;168.8;163.8;159;154.2;149.5;144.9;140.5;136.7;133.3;130.4;127.7;124.9;121.8;118.3;114.1;109.3;104.2;98.8;93.5;88.6;84;79.7;75.4;71;66.5;62;57.5;53.2;49.1;45.3;41.8;38.6;35.8;33.3;31.1;29.1;27.4;25.9;24.5;23.2;22.1;21;20;19.1;18.3;17.5;16.9
Philippines;264.22;252.78;241.84;231.37;221.36;211.77;202.61;193.84;185.44;177.42;169.74;159.6;150.15;141.4;135.4;129.7;124.4;119.3;114.5;110;106;102.4;99.5;96.8;94.6;92.4;90.4;88.5;86.7;85.2;84;83.1;82.6;82.3;82.1;82.1;82;81.8;81.5;80.9;80.1;79.3;78.4;77.3;75.9;74;71.6;68.6;65.2;61.7;58.2;54.9;52.1;49.5;47.4;45.6;44;42.7;41.6;40.6;39.7;38.9;38.1;37.3;36.5;35.7;34.9;34.2;33.4;32.6;31.9;31.2;30.4;29.6;28.8;28
Pitcairn;;;;;;;;;;;;;;;;;;;;;;;;;;;;;;;;;;;;;;;;;;;;;;;;;;;;;;;;;;;;;;;;;;;;;;;;;;;;
Poland;211.8;205.98;200.33;194.83;189.49;184.29;179.23;174.31;169.53;162.07;163.92;177.01;140.02;127.52;118.77;115.3;98.41;91.08;84.3;72.8;64.7;59.4;55.6;52.5;49.3;45.9;42.6;40.2;38.8;37.7;36.3;34.5;32.5;30.4;28.7;27.7;27.1;26.4;25.5;24.6;23.9;23.3;22.7;22;21.2;20.3;19.5;18.9;18.4;17.9;17.3;16.8;16.4;16;15.5;14.5;13.3;12;10.8;9.9;9.3;8.8;8.4;8.1;7.8;7.6;7.3;7;6.7;6.2;5.8;5.5;5.3;5.2;5.2;5.2
Portugal;202.76;245.92;219.03;212.46;194.27;179.9;178.55;157.63;158.07;171.23;143.15;138.02;143.7;136.4;130.5;127.2;124.3;121.8;119.5;117.4;114.6;110.3;104.3;97.6;91;85.2;80.8;77.7;75.1;72;68.2;63.4;58;52.6;47.8;43.5;39.5;35.6;32.3;29.7;27.6;25.8;24.2;22.8;21.6;20.4;19.3;18.2;17;15.9;14.7;13.6;12.5;11.4;10.5;9.7;9.1;8.6;8.2;7.7;7.2;6.7;6.1;5.6;5.1;4.7;4.4;4.2;4.1;4;3.9;3.8;3.8;3.8;3.7;3.6
Puerto Rico;;;;;;;;;;;;;;;;;;;;;;;;;;;;;;;;;;;;;;;;;21.15;20.57;20;19.39;18.74;18.03;17.29;16.56;15.87;15.25;14.71;14.29;13.97;13.73;13.56;13.39;13.17;12.86;12.45;11.93;11.35;10.76;10.24;9.83;9.53;9.32;9.16;9;8.78;8.5;8.18;7.82;7.47;7.16;6.9;6.69
Qatar;396.56;368.56;342;317.75;293.56;270.49;248.44;227.33;207.97;188.65;170.12;166.82;163.59;160.42;157.31;154.27;151.28;148.35;145.47;142.66;139.89;127.01;115.31;104.69;95.05;86.3;78.35;71.14;64.59;71;66.2;61.7;57.6;53.9;50.5;47.5;44.7;42.2;40;38;36.2;34.4;32.8;31.3;29.8;28.3;26.7;25.2;23.7;22.3;20.8;19.5;18.2;17.1;16.1;15.3;14.6;13.9;13.4;12.9;12.4;11.9;11.5;11.1;10.7;10.4;10.1;9.8;9.5;9.2;9;8.7;8.4;8.2;7.9;7.7
Reunion;;;;;;;;;;;;;;;;;;;;;;;;;;;;;;;;;;;;;;;;;37.24;34.95;32.8;30.79;28.9;27.12;25.45;23.89;22.42;21.04;19.75;18.53;17.4;16.33;15.33;14.38;13.5;12.67;11.9;11.17;10.48;9.84;9.23;8.67;8.14;7.64;7.17;6.72;6.31;5.92;5.56;5.23;4.95;4.69;4.47;4.28
Romania;305.53;269.88;289.13;298.95;263.35;305.48;266.62;324.99;229.42;216.4;180.76;182.64;158.36;141.84;129.29;110.17;117.03;115.3;95.13;106.76;95.12;85.89;76.6;76.9;77.2;77.1;76.4;75;72.7;69.4;65.6;61.7;58.2;55.2;52.6;50.4;48.5;46.7;45.1;43.5;42;40.6;39.4;38.7;38.6;38.9;39.4;39.8;39.8;39;37.7;36.4;35.1;34.1;33.2;32.3;31.4;30.4;29.2;28.1;26.9;25.9;24.9;23.7;22.4;20.9;19.2;17.6;16.1;14.9;13.9;13.2;12.5;12;11.5;11.1
Russia;129.27;124.48;119.85;115.41;111.12;107;103.03;99.2;95.52;91.97;88.56;85.27;82.11;79.06;76.12;73.3;70.58;67.96;65.43;63;55.81;49.45;47.77;45.26;41.18;38.77;37.33;36.85;37.12;36.04;44.2;42.4;40.7;39.2;37.7;36.6;35.6;34.8;34.2;33.6;33;32.5;31.9;31.3;30.7;30;29.1;28.1;27.2;26.4;26;25.9;26.1;26.3;26.4;26.4;26;25.6;25;24.2;23.2;22;20.7;19.3;18;16.7;15.5;14.4;13.5;12.7;12;11.4;10.8;10.4;9.9;9.6
Rwanda;345.55;340.46;335.47;331.58;326.64;318.85;311.24;303.82;296.57;289.49;282.59;275.84;269.26;262.84;256.56;250.99;245.4;237;229.6;222.6;216.1;211.2;207.8;205.8;205.1;205.6;207;209;211.6;214.7;218.2;222.1;226.5;231.9;238.4;244.4;248.5;248.9;243.7;232.5;217.4;201.1;185.9;173.7;165.2;159.2;154.1;150.1;147.6;147;148.9;154;161.9;180.7;293.8;261.5;196;215.9;227.5;194.9;179;166.3;151.8;137.1;122.7;109.6;97.9;87.5;78.3;70.7;64.2;57.8;52.3;48.2;44.8;42
St. Barthlemy;;;;;;;;;;;;;;;;;;;;;;;;;;;;;;;;;;;;;;;;;;;;;;;;;;;;;;;;;;;;;;;;;;;;;;;;;;;;
St. Helena;;;;;;;;;;;;;;;;;;;;;;;;;;;;;;;;;;;;;;;;;;;;;;;;;;;;;;;;;;;;;;;;;;;;;;;;;;;;
St. Kitts and Nevis;;;;;;;;;;;;;;;;;;;;;;;;;;;;;;;69.4;67.2;65.1;63.1;61.2;59.6;58;56.5;54.9;53;50.9;48.5;45.9;43.2;40.5;38;35.7;33.5;31.6;29.9;28.4;27.1;25.9;24.8;23.8;22.9;22;21.1;20.2;19.4;18.6;17.8;17.1;16.4;15.8;15.2;14.6;14;13.5;13;12.5;12.1;11.7;11.3;10.9;10.5
St. Lucia;192.94;191.75;190.58;189.4;188.24;187.08;185.93;184.79;183.65;182.52;181.4;180.15;178.11;175.08;170.33;165.45;159.7;153.14;145.85;138.76;131.86;124.71;117.95;111.55;105.5;99.78;94.37;89.25;84.41;79.83;75.5;68.7;62.3;56.5;51.2;46.5;42.6;39.4;37;35.1;33.5;32.2;31;29.8;28.6;27.3;26.1;24.9;24;23.2;22.6;22.1;21.6;21.2;20.6;20.1;19.6;19;18.6;18.2;17.8;17.6;17.4;17.3;17.2;17.1;17;16.8;16.6;16.3;16.1;15.8;15.4;15.1;14.7;14.3
St. Martin;;;;;;;;;;;;;;;;;;;;;;;;;;;;;;;;;;;;;;;;;;;;;;;;;;;;;;;;;;;;;;;;;;;;;;;;;;;;
St. Vincent and the Grenadines;208.32;207.09;205.87;204.65;203.45;202.25;201.06;199.87;198.69;197.52;196.36;194.19;189.65;184.13;177.69;170.37;162.29;153.5;144.09;135.01;128.05;121.44;115.18;109.24;103.6;98.26;93.19;88.38;83.82;79.5;80.4;81.1;81.4;81.1;80;78;75.2;71.6;67.4;62.6;57.7;52.6;47.6;42.9;38.6;34.9;31.8;29.3;27.3;25.7;24.5;23.6;23;22.6;22.4;22.4;22.4;22.4;22.4;22.3;22.2;22.1;22;21.9;21.8;21.8;21.7;21.6;21.4;21.1;20.8;20.3;19.8;19.3;18.8;18.3
St.-Pierre-et-Miquelon;;;;;;;;;;;;;;;;;;;;;;;;;;;;;;;;;;;;;;;;;;;;;;;;;;;;;;;;;;;;;;;;;;;;;;;;;;;;
Samoa;251.79;250.66;249.54;248.43;250.53;252.61;254.66;256.69;258.7;260.68;262.65;250.79;239.43;228.56;218.15;208.19;198.66;189.54;180.82;172.48;164.51;161.67;158.86;156.08;153.33;150.62;147.93;145.29;142.67;140.09;137.54;130.02;122.9;116.16;109.78;103.74;98.03;92.62;87.5;82.66;69.78;68.48;67.15;65.78;39;37.3;35.8;34.5;33.2;32.1;31;30;29;27.9;26.9;25.9;24.9;24.1;23.2;22.4;21.7;21;20.4;20;19.6;19.3;19.1;18.9;18.8;24.1;18.7;18.6;18.5;18.2;17.9;17.5
San Marino;;;;;;;;;;;;;;;;;;;;;;;;;;;;;;;;;;;;;;;;;;;;;;;14.3;13.4;12.5;11.7;10.9;10.2;9.5;8.9;8.3;7.8;7.3;6.8;6.3;5.9;5.5;5.2;4.9;4.6;4.4;4.2;4;3.9;3.7;3.6;3.5;3.4;3.2;3.1;3;2.9
Sao Tome and Principe;245.25;244.16;243.07;241.99;240.91;239.84;238.77;237.71;236.65;235.6;234.55;232.14;227.14;222.8;217.35;211.72;195.84;181.16;167.57;155;143.38;132.63;122.68;113.48;104.97;97.1;93.9;91.1;88.9;87.5;86.9;87;87.6;88.5;89.4;90.1;90.6;91;91.2;91.9;92.8;94.1;95.7;97.9;100.1;102.6;104.8;106.9;108.4;109.8;110.7;111.2;111.1;110.2;108.7;106.5;103.7;100.5;97;93.2;89.3;85.4;81.5;77.6;73.7;70.1;66.7;63.6;61;58.5;56.4;54.4;52.4;50.8;49;47.3
Saudi Arabia;379.3;378.3;377.3;376.29;375.28;374.28;352.91;333.49;313.74;294.72;276.41;272.76;269.15;265.59;262.08;258.61;255.19;251.82;248.48;245.2;241.95;235.2;228.63;222.24;216.04;210;204.14;198.44;192.9;187.51;182.27;170.68;161;150.9;141.9;133.4;125.6;118;111.1;104.4;98;91.9;86;80.3;74.7;69.1;63.7;58.4;53.3;48.6;44.3;40.5;37.1;34.2;31.8;29.7;27.8;26.3;25;23.8;22.9;22;21.3;20.7;20.1;19.7;19.2;18.7;18.1;17.6;17;16.5;16;15.5;15;14.5
Senegal;439.6;429.23;419.1;409.2;382.8;376.1;369.8;363.5;357.7;351.7;346.2;340.8;335.2;329.6;324;318.8;314;310.1;306.9;304.5;303.3;302.5;302.4;302.3;302.2;301.6;300.4;299;297;294.4;290.5;285.4;278.9;271.1;262.2;252.4;241.8;231.3;221.6;212.8;205.2;198.6;192.5;186.5;179.9;172.6;164.5;156.6;149.6;144.1;140.4;138.7;138.5;139.3;140.6;142.1;143.2;143.4;142.4;139.7;134.9;128.4;120.7;112.5;104.2;96.2;88.8;82;75.8;70.1;64.8;60;55.9;52.5;49.7;47.2
Serbia;117.04;114.57;112.15;109.78;106.92;104.14;101.42;98.78;96.2;93.68;91.23;88.84;86.51;84.24;82.03;79.87;77.77;75.72;73.72;71.78;69.88;68.03;66.23;64.47;62.76;61.09;59.47;57.88;56.34;54.83;53.37;51.94;50.55;49.19;47.87;46.58;45.32;44.1;42.91;41.75;43.13;41.48;39.58;37.4;40.3;39.1;37.9;36.2;33.9;31.2;28.4;25.9;24.2;23.1;21.8;19.7;17.4;15.4;13.9;13.1;12.6;12.2;11.6;10.6;9.6;8.9;8.4;8.1;8;7.8;7.6;7.3;7.1;6.9;6.8;6.7
Serbia and Montenegro;;;;;;;;;;;;;;;;;;;;;;;;;;;;;;;;;;;;;;;;;;;;;;;;;;;;;;;;;;;;;;;;;;;;;;;;;;;;
Serbia excluding Kosovo;;;;;;;;;;;;;;;;;;;;;;;;;;;;;;;;;;;;;;;;;;;;;;;;;;;;;;;;;;;;;;;;;;;;;;;;;;;;
Seychelles;129.44;128.3;127.17;121.8;121.5;121.3;121.1;120.6;120.1;119.4;118.5;117.4;116.1;114.6;113;111.4;109.7;107.9;106.2;104.4;102.6;100.5;98.4;96.1;93.4;90.6;87.5;84;80.1;76.1;71.9;67.7;63.4;59.2;54.8;50.4;45.8;41.5;37.4;33.6;30.4;27.6;25.3;23.4;21.8;20.5;19.5;18.6;17.8;17.1;16.5;16;15.5;15.1;14.7;14.5;14.3;14.2;14.2;14.2;14.3;14.3;14.3;14.3;14.3;14.2;14.2;14.2;14.2;14.2;14.2;14.2;14.2;14;13.8;13.6
Sierra Leone;471.13;469.91;467.28;466.05;463.47;462.26;451.57;442.44;439.57;436.72;433.9;431.08;428.29;425.52;422.76;420.02;417.3;412;406.5;401.6;396;390.3;384.7;378.7;372.6;366.2;359.8;353.4;346.6;340.5;334.6;329;323.6;318.4;313.4;308.7;304.2;299.8;295.7;291.5;287.6;284;280.9;277.9;275.2;272.8;270.5;268.2;266.7;265.2;264.3;263.4;262.6;261.5;259.9;257.5;254.4;250.5;246;241.1;235.8;229.9;223.9;217.4;210.8;203.7;196.2;188;179.1;169.9;160.2;150.6;141.6;133.4;126.4;120.4
Singapore;229.61;255.27;283.79;315.5;462.84;351.19;131.19;125.89;115.43;100.18;117.16;105.2;96.88;84.8;78.1;72;66.5;61.5;56.9;52.3;47.8;43.8;40.5;38.2;36.5;35;33.6;32;30.3;28.7;27.4;26.1;24.3;22;19.7;17.6;16;15.2;15.1;15.2;14.8;14.1;13.2;12.3;11.6;10.9;10.4;9.8;9.2;8.4;7.7;6.9;6.3;5.8;5.4;5.2;5;4.8;4.6;4.3;4;3.7;3.4;3.2;3;2.9;2.9;2.9;2.8;2.8;2.8;2.8;2.8;2.8;2.8;2.7
Slovak Republic;162.46;160.37;158.31;156.27;154.25;152.26;150.28;148.33;146.41;144.5;142.62;138.54;97.28;82.87;67.11;59.36;53.69;60.16;47.58;43.08;37.81;35.55;32.44;33.98;32.66;36.19;33.8;30.99;29.27;32.02;30.72;29.12;30.06;30.28;27.72;27.77;28.19;24.7;25.07;23.66;23.16;25.9;24.8;23.8;22.8;21.8;20.9;20;19.2;18.4;17.7;17;16.3;15.6;15;14.4;13.8;13.3;12.7;12.2;11.8;11.4;11;10.6;10.2;9.8;9.5;9.1;8.8;8.4;8.1;7.8;7.5;7.2;7;6.7
Slovenia;160.95;153.12;145.51;137.4;130.23;123.25;116.47;109.25;102.87;96.7;90.13;83.72;77.76;72.23;67.09;62.31;57.87;53.75;49.92;46.36;43.06;41.08;39.2;37.4;35.68;34.04;32.48;30.99;29.56;28.2;26.9;25.57;24.3;23.09;21.95;20.86;19.82;18.83;17.9;17.01;16.16;18;17;16.1;15.3;14.4;13.5;12.7;11.9;11.1;10.4;9.7;9.1;8.5;7.9;7.4;6.9;6.5;6.2;5.8;5.5;5.2;5;4.7;4.5;4.3;4.1;3.9;3.7;3.5;3.3;3.2;3;2.9;2.8;2.7
Solomon Islands;459.85;458.65;457.43;456.22;455;413.65;375.37;339.73;305.39;274.16;244.79;239.4;234.12;228.96;223.92;218.99;214.16;209.44;204.83;200.31;195.9;185.6;175.9;166.7;157.9;149.7;141.4;132.8;124.1;115.6;107.2;99.2;91.9;85.2;79.1;73.5;68.4;63.9;59.9;56.4;53.5;51.1;49;47.3;45.8;44.5;43.3;42.3;41.4;40.6;39.7;38.9;37.9;37;36.2;35.4;34.8;34.3;33.9;33.5;33.1;32.9;32.8;32.9;33.1;33.2;33.4;33.3;33.1;32.6;32.1;31.4;30.7;29.9;28.9;28.1
Somalia;412.19;411.13;410.07;409.03;407.99;406.95;396.18;386.8;376.48;367.48;357.51;354.38;349.04;343.33;337.25;330.78;324.02;316.89;309.46;302.15;294.92;287.82;280.77;273.79;266.88;259.97;253.14;246.31;239.88;233.83;228.13;223.59;218.6;215.64;212.71;209.83;206.98;204.18;201.41;198.67;224.13;222.06;190.7;189.1;187.1;186;185.4;184.9;184.1;182.7;180.2;177.2;175.3;174.5;174.4;174.4;174.4;174.4;174.4;174.4;174.4;174.4;174.4;174.4;174.4;174.3;173.7;171.8;168.5;164.4;160.2;155.3;150.6;146.1;141.2;136.8
Somaliland;;;;;;;;;;;;;;;;;;;;;;;;;;;;;;;;;;;;;;;;;;;;;;;;;;;;;;;;;;;;;;;;;;;;;;;;;;;;
South Africa;310.64;304.9;299.28;293.68;288.18;282.71;277.34;271.99;266.74;261.52;256.38;252.2;244.46;237.41;230.17;223.63;217.76;211.7;205.46;200.15;194.89;189.72;184.61;179.56;174.55;169.51;164.61;159.85;155.24;150.75;146.4;142.17;138.06;134.07;130.2;123.1;116.7;110.4;104.6;99.1;93.8;89;84.6;80.6;76.9;73.5;70.5;67.7;65.3;63.2;61.5;60.3;59.8;60.1;61;62.6;64.7;67.3;69.8;72.1;74;75.5;76.3;78;76.9;75.2;72.8;70.1;66.1;61.8;54.4;50.6;47.8;45.1;43.3;42.1
South Ossetia;;;;;;;;;;;;;;;;;;;;;;;;;;;;;;;;;;;;;;;;;;;;;;;;;;;;;;;;;;;;;;;;;;;;;;;;;;;;
Spain;208.07;205.75;163.77;155.8;136.33;127.03;122.37;107.8;98.93;98.95;115.5;101.8;91;83.1;78.1;74.9;71.9;68.3;64.3;59.9;55.6;51.6;48.2;45.3;42.9;40.8;38.8;36.7;34.4;31.8;29.2;26.6;24.4;23.1;23;23.5;23.6;22.8;21.3;19.5;17.8;16.4;15.4;14.7;14;13.4;12.8;12.3;11.9;11.5;11;10.5;10.1;9.5;8.9;8.3;7.7;7.3;7;6.7;6.5;6.3;6.2;6.1;5.9;5.7;5.5;5.2;5;4.8;4.6;4.5;4.4;4.3;4.2;4.1
Sri Lanka;243.35;230.16;217.69;205.89;194.73;184.18;174.2;164.76;155.83;147.38;139.39;135;132.5;129.8;127;123.5;119.7;115.3;110.6;105.8;101;96.4;92.2;88.3;84.8;81.6;78.8;76.4;74.3;72.5;71;69.7;68.5;67.1;65.6;63.8;61.6;59.1;56.3;53.2;49.9;46.3;42.4;38.3;34.1;30.2;26.9;24.2;22.5;21.6;21.3;21.2;21.2;21.1;20.8;20.2;19.5;18.7;17.8;17;16.3;15.8;15.4;15;28.8;14.1;13.3;12.5;11.7;11.1;10.6;10.1;9.7;9.4;9;8.7
Sudan;389.13;374.06;359.41;345.16;327.3;310.36;294.3;279.08;264.64;250.94;237.96;225.65;213.97;202.9;199.4;195.8;192.1;188.5;185.1;181.7;178.4;175.2;172.2;169.3;166.5;164;161.7;159.6;157.7;156;154.6;153.3;152.1;150.8;149.6;148.3;147;145.6;144.3;143.2;142.1;140.9;139.9;138.8;137.5;136;134.5;132.8;131.1;129.3;127.5;125.7;123.9;122.1;120.2;118.2;116.1;113.9;111.4;108.8;105.9;103.1;100.2;97.3;94.5;91.9;89.3;87;84.7;82.4;80.2;78.2;76.3;74.2;72.2;70.1
Suriname;237.14;229.43;220.98;211.44;202.98;193.93;185.13;176.56;168.96;160.85;152.97;149.49;143.34;137.81;132.24;126.68;121.71;117.35;112.33;108.05;103.88;100.36;96.39;93.03;89.22;85.51;81.87;78.79;75.42;72.67;69.66;67.23;65.35;64.24;63.15;62.08;61.02;59.97;58.94;57.93;56.74;55.8;54.96;57;55.5;54.1;52.7;51.4;50.2;48.9;47.6;46.3;44.9;43.5;42.2;40.9;39.6;38.3;37;35.7;34.4;33.3;32.1;31.1;30.1;29.2;28.3;27.4;26.4;25.6;24.9;24.1;23.4;22.6;21.9;21.3
Svalbard;;;;;;;;;;;;;;;;;;;;;;;;;;;;;;;;;;;;;;;;;;;;;;;;;;;;;;;;;;;;;;;;;;;;;;;;;;;;
Swaziland;373.82;357.53;341.95;327.04;312.79;299.15;286.12;273.64;261.72;242.6;239.4;236.9;234.2;231.2;228.7;225.9;223.1;220.3;217.3;214.4;211.2;208;204.8;201.5;197.8;194;190.3;186.6;182.9;179;174.8;170.1;164.8;158.9;152.5;145.8;139.5;133.4;127.8;122.4;117;111.3;105.3;99.1;92.9;86.7;81;76;71.9;68.8;67;66.7;68;71;75.7;81.1;86.9;92.6;98.3;103.9;109.5;113.8;117;119.5;120.9;120.8;115.9;113;112.2;105.1;90.9;83.6;78.8;74.9;70.8;69.6
Sweden;49.2;49.66;40.24;40.24;43.72;40.39;33.97;32.41;29.72;29.38;27.1;25.7;24.4;23.2;22.3;21.6;21.1;20.6;20.3;19.9;19.6;19.2;18.6;17.9;17.1;16.3;15.5;14.9;14.4;13.9;13.4;12.9;12.3;11.6;10.9;10.3;9.8;9.4;9;8.7;8.5;8.2;8;7.8;7.7;7.6;7.5;7.4;7.3;7.2;6.9;6.6;6.1;5.7;5.2;4.8;4.5;4.3;4.2;4.1;4.1;4.1;4;3.9;3.7;3.6;3.4;3.3;3.2;3.1;3.1;3;3;3;3;3
Switzerland;61.64;54.27;50.79;51.28;53.5;51.32;49.49;47.77;43.87;42.13;38.5;37.2;35.8;34.5;33.1;31.7;30.3;29;27.9;27.1;26.5;26;25.4;24.6;23.6;22.6;21.6;20.7;19.9;19.2;18.4;17.6;16.7;15.8;14.8;13.8;12.9;12.1;11.4;10.8;10.4;10;9.7;9.4;9.2;9;8.9;8.8;8.6;8.4;8.2;7.9;7.5;7.1;6.7;6.4;6.1;6;5.8;5.7;5.6;5.6;5.5;5.3;5.2;5.1;5;4.8;4.7;4.6;4.5;4.4;4.3;4.2;4;3.9
Syria;333.78;331.73;329.68;327.65;325.63;323.62;321.62;319.64;317.67;315.71;313.76;297.71;282.36;267.7;252.7;238.6;225.1;212.7;201;190.1;179.9;170.4;161.6;153.3;145.6;138.2;131.2;124.4;117.7;111.3;105.2;99.6;94.1;89.1;84.3;79.8;75.6;71.6;67.8;64.2;60.8;57.7;54.7;52;49.4;47;44.8;42.7;40.7;38.9;37.2;35.5;33.9;32.4;30.9;29.5;28.1;26.8;25.6;24.4;23.4;22.3;21.4;20.5;19.6;18.8;18;17.3;16.5;15.9;15.3;15;16;15.3;14.3;12.9
Taiwan;;;;;;;;;;;;;;;;;;;;;;;;;;;;;;;;;;;;;;;;;;;;;;;;;;;;;;;;;;;;;;;;;;;;;;;;;;;;
Tajikistan;248.86;245.1;241.39;237.74;234.14;230.6;227.11;223.68;220.29;216.96;213.68;210.45;207.26;204.13;201.04;198;195;192.05;189.15;186.29;183.47;180.69;177.96;175.27;172.62;170.01;167.43;164.9;162.41;159.95;157.53;155.15;152.8;148.2;143.4;139.4;136;133.5;131.8;130.8;130.5;130.4;129.9;128.5;126.1;122.6;118.3;113.6;109.9;108.1;108.4;111.2;115.7;119.9;121.4;119.8;116.2;111.3;105.6;99.4;93;86.6;80.4;74.6;69.5;65.2;61.5;58.6;56.2;54.3;52.6;50.9;49.3;47.8;46.3;44.8
Tanzania;378.69;377.72;364.27;351.29;338.77;326.7;315.06;303.84;293.02;282.58;272.51;262.8;260.3;258;255.9;253.7;251.7;249.7;247.8;245.7;243.4;241.4;239.2;236.7;233.9;230.9;227.5;224.1;220.6;217.1;213.8;210.3;206.5;202.7;198.7;194.5;190.3;186.1;182.2;179.1;177.5;176.5;176.2;176.1;175.7;174.8;173.3;171;168.4;165.9;163.6;161.7;160;158.3;156.4;154.2;151.1;147;141.8;135.6;128.4;120.5;112.6;104.8;97.5;90.6;84.2;78.1;72.4;67.3;62.3;58.2;55;52.6;50.1;48.4
Thailand;300.56;289.98;279.76;269.91;260.41;251.23;242.39;233.85;225.61;217.5;210;202.7;195.7;189;182.5;176.2;170.2;164.3;158.8;153.3;147.9;142.7;137.7;132.8;128;123.3;118.6;113.9;109.2;104.5;99.7;94.9;90.2;85.7;81.4;77.4;73.7;70.1;66.8;63.8;60.9;58.2;55.6;53.1;50.7;48.3;46;43.7;41.5;39.2;37;35;33.1;31.3;29.7;28.3;27;25.8;24.6;23.5;22.5;21.5;20.5;19.6;18.7;17.8;17;16.3;15.6;15;14.5;14;13.5;13.1;12.6;12.3
Timor-Leste;419.2;418.03;416.87;415.71;416.29;416.87;417.44;418.01;418.57;419.12;419.67;416.49;410.83;404.66;398.05;390.96;383.46;375.53;367.21;358.98;350.85;342.78;334.8;326.86;318.95;310.06;301.2;291.46;282.22;273.45;267.01;264.52;267.68;275.72;275.29;274.87;274.44;274.01;273.58;273.14;330.93;312.32;291.5;271.36;253.32;238.34;210;201;192.1;183.8;175.7;168.2;161;153.9;147;140.4;134;127.8;121.9;116;110.2;104.6;99.1;93.7;88.4;83.3;78.5;74.1;70.2;66.7;63.8;61.1;58.7;56.5;54.5;52.6
Togo;389.2;382.18;375.28;368.51;361.86;355.33;346.6;340.8;335.2;329.6;324.4;319.1;314;309;304.1;299.2;294.1;289.2;284.1;279.2;274.2;269.2;264.3;259.4;254.6;249.8;244.9;239.9;234.9;229.8;224.7;219.8;214.7;209.7;204.9;200.2;195.4;190.7;186.3;181.8;177.5;173.4;169.5;165.7;162.3;159;156.1;153.3;150.8;148.5;146.2;144.1;142.1;140;137.7;135.4;132.7;129.9;127;123.9;120.8;117.6;114.4;111.2;108.1;105.1;102.1;99.2;96.4;93.6;90.9;88.3;85.8;83.3;80.8;78.4
Tokelau;;;;;;;;;;;;;;;;;;;;;;;;;;;;;;;;;;;;;;;;;;;;;;;;;;;;;;;;;;;;;;;;;;;;;;;;;;;;
Tonga;148.72;147.57;146.43;145.3;144.18;143.06;141.96;140.86;139.77;138.69;137.62;135.87;132.74;130.16;124.27;118.64;113.27;108.14;103.25;98.57;94.11;89.85;85.78;81.9;76.5;71.5;66.7;62.2;57.8;53.8;50.2;46.9;44;41.5;39.3;37.2;35.3;33.6;32.1;30.7;29.4;28.3;27.4;26.6;26;25.4;24.8;24.1;23.4;22.7;21.9;21.1;20.4;19.8;19.3;18.9;18.6;18.4;18.1;17.9;17.6;17.3;17;16.8;16.7;16.7;16.7;16.8;17;17.2;17.4;17.5;17.5;17.3;17.1;16.7
Transnistria;;;;;;;;;;;;;;;;;;;;;;;;;;;;;;;;;;;;;;;;;;;;;;;;;;;;;;;;;;;;;;;;;;;;;;;;;;;;
Trinidad and Tobago;160.99;166.61;185.45;137.14;114.21;121.19;112.53;115.99;105.72;114.29;107.15;100.46;94.18;88.3;85.2;82.3;79.4;76.5;73.7;71;68.5;66;63.7;61.6;59.7;58;56.6;55.2;53.9;52.8;51.6;50.6;49.5;48.3;47.2;46;44.7;43.4;42;40.7;39.5;38.3;37;35.9;34.9;34;33.1;32.3;31.6;31;30.5;30;29.7;29.4;29.2;29;28.9;28.8;28.8;28.7;28.7;28.6;28.3;28;27.5;26.9;26.3;25.6;24.9;24.3;23.6;22.9;22.2;21.5;20.9;20.4
Tunisia;367.73;364.44;360.05;356.79;348.03;340.5;332.05;324.77;316.55;309.54;301.6;299.75;297.81;295.89;293.98;292.08;290.2;288.32;286.46;284.61;282.78;280.95;267.8;256.3;244.7;233.5;222.3;211.2;200.6;190.3;180.6;171.1;162.1;153;144.1;135.1;126.3;117.7;109.6;102.3;95.7;89.9;84.6;80;75.6;71.5;67.9;64.7;61.9;59.3;57;54.8;52.5;50.1;47.5;44.9;42.1;39.3;36.5;34;31.7;29.6;27.8;26;24.5;23;21.7;20.5;19.4;18.3;17.4;16.5;15.8;15.2;14.6;14
Turkey;361.25;369.09;378.2;360.97;352.73;344.67;336.8;329.11;321.59;314.24;307.07;300.05;293.2;286.5;281.5;276.5;271.6;266.5;261.2;255.4;249;242.3;235.5;228.7;221.9;215.4;209.3;203.4;197.8;192.3;186.9;181.5;175.9;170.3;164.5;158.6;152.7;146.7;140.7;134.7;128.7;122.7;116.7;110.7;104.9;99.3;93.9;88.7;83.7;79;74.5;70.3;66.3;62.4;58.8;55.2;51.8;48.6;45.4;42.4;39.6;36.9;34.4;32;29.7;27.7;25.7;23.9;22.2;20.6;19.1;17.8;16.5;15.4;14.3;13.5
Turkmenistan;242.49;237.17;231.97;226.89;221.91;217.04;212.29;207.63;203.08;198.62;194.27;192.16;187.66;183.8;179.72;174.69;170.26;165.7;160.99;156.36;151.12;146.66;142.26;137.26;132.98;128.76;124.57;120.44;122.16;123.9;125.67;127.47;129.29;131.14;133.01;134.92;136.84;138.8;133.9;129.4;124.8;120.4;116;111.7;107.6;103.6;100;96.7;94;91.9;90.5;89.7;89.6;89.7;89.6;89.4;88.7;87.5;85.8;83.8;81.6;79.2;76.9;74.7;72.4;70.1;68;66;63.9;61.9;60.1;58.2;56.5;54.7;53.1;51.4
Turks and Caicos Islands;;;;;;;;;;;;;;;;;;;;;;;;;;;;;;;;;;;;;;;;;;;;;;;;;;;;;;;;;;;;;;;;;;;;;;;;;;;;
Tuvalu;;;;;;;;;;;;;;;;;;;;;;;;;;;;;;;;;;;;83.9;80.3;76.9;73.6;70.7;68.1;65.9;63.9;62.3;61;60;59.3;58.8;58.3;57.8;57.2;56.4;55.4;54.3;52.9;51.4;49.7;47.8;46;44.2;42.6;41.1;39.8;38.7;37.6;36.6;35.6;34.6;33.6;32.6;31.7;30.7;29.8;28.9;28;27.1
Uganda;436.14;431.03;425.95;420.95;416;395.5;376.02;357.49;339.88;323.13;307.21;292.07;277.68;264;257.9;251.5;245.5;239.7;234.1;228.7;223.4;218.2;213.5;208.8;204.3;200;195.8;192.1;189;186.3;184.6;184.1;184.7;186.5;189.4;193.2;197.5;202;206;208.9;210.3;208.9;204.4;198.1;191.7;186.4;182.3;179.7;177.8;175.7;173.1;170;166.6;163.4;161.1;159.5;158.2;156.6;154.1;150.4;145.4;139.2;132.2;124.6;116.8;109.1;102;95.3;89.3;84;79.5;74.6;69.4;65.1;61.9;59.5
Ukraine;203.1;470.34;550.73;572.88;413.52;336.12;157.09;238.65;137.36;117.87;94.12;91.42;85.85;80.88;76.5;72.16;67.88;64.15;60.95;61.22;52.66;51.17;49.09;47.1;45.18;43.35;41.59;39.9;38.28;36.72;35.23;33.8;32.6;31.6;30.7;30;29.4;29;28.5;28;27.4;26.6;25.7;24.7;23.8;22.7;21.8;21;20.3;19.8;19.5;19.5;19.7;19.9;20.2;20.5;20.5;20.3;19.9;19.2;18.5;17.6;16.7;15.9;15.1;14.5;14;13.4;12.9;12.3;11.8;11.2;10.6;10;9.5;9
United Arab Emirates;396.62;395.62;394.61;393.61;392.61;391.61;366.14;340.76;317.64;294.54;273.4;265.59;258;250.63;243.47;236.51;229.75;223.19;216.81;210.62;204.6;193.8;183.3;172.7;162.2;151.3;140.4;129.4;118.6;108.2;98.4;89.1;80.6;72.8;65.8;59.4;53.5;48.2;43.4;39;35.2;31.9;29;26.5;24.4;22.7;21.1;19.7;18.5;17.4;16.5;15.6;14.8;14.2;13.6;13;12.6;12.2;11.8;11.5;11.1;10.9;10.6;10.3;10.1;9.8;9.6;9.4;9.1;8.8;8.5;8.2;7.8;7.4;7.1;6.8
United Kingdom;76.98;81.02;67.78;64.41;59.26;54.88;53.37;53.31;39.99;38.1;36.6;35.1;33.6;32.1;30.8;29.6;28.7;28;27.4;27;26.6;26.1;25.6;24.9;24.2;23.4;22.8;22.2;21.8;21.4;21;20.6;20.1;19.4;18.7;18;17.2;16.5;15.7;14.9;14.1;13.4;12.7;12.2;11.7;11.4;11.1;10.8;10.4;9.9;9.3;8.7;8.2;7.8;7.4;7.2;7;6.9;6.8;6.7;6.6;6.4;6.3;6.3;6.1;6;5.9;5.8;5.6;5.4;5.2;5;4.8;4.6;4.4;4.2
United States;59.54;58;52.54;51.48;48.18;46.12;44.55;40.82;38.79;38.7;37.7;36.6;35.6;34.7;33.8;33;32.3;31.7;31.2;30.6;30.1;29.5;28.9;28.3;27.7;27.1;26.4;25.7;24.9;24.1;23.3;22.4;21.5;20.6;19.7;18.8;17.9;17.1;16.3;15.6;15;14.4;13.9;13.4;13;12.7;12.4;12.2;11.9;11.6;11.2;10.9;10.5;10.1;9.8;9.5;9.2;8.9;8.7;8.6;8.4;8.3;8.2;8.1;8.1;8;7.9;7.8;7.7;7.5;7.4;7.2;7.1;6.9;6.7;6.5
Uruguay;123.99;118.76;136.4;110.15;90.28;87.15;84.13;98.38;82.61;68.73;66.62;64.57;62.59;60.66;58.8;60.6;62.3;63.8;64.6;64.8;64;62.6;61;59.6;58.6;58;57.6;57.1;56.3;55.4;54.3;53.5;53.5;54.3;55.2;55.4;54.5;52.2;48.6;44.4;40;36.1;33.2;31.2;29.8;28.6;27.5;26.3;25.1;24;23.1;22.3;21.8;21.5;21.1;20.6;20;19.2;18.3;17.5;16.8;16.2;15.8;15.3;14.8;14.3;13.8;13.3;13;12.7;12.3;12;11.6;11.1;10.6;10.1
USSR;;;;;;;;;;;;;;;;;;;;;;;;;;;;;;;;;;;;;;;;;;;;;;;;;;;;;;;;;;;;;;;;;;;;;;;;;;;;
Uzbekistan;247.79;243.56;239.41;235.33;231.31;227.37;223.49;219.68;215.94;212.25;208.63;205.08;201.58;198.14;194.76;191.44;188.18;184.97;181.82;178.72;175.67;172.67;169.73;166.83;163.99;161.19;158.44;155.74;153.09;150.48;147.91;145.39;142.91;140.47;138.08;135.72;133.41;131.13;128.9;126.7;118.2;110.2;102.9;96.4;90.5;85.3;80.8;77.3;74.5;72.5;71.5;71.1;71;70.6;70.2;69.5;68.7;67.7;66.5;65;63.2;61.4;59.6;57.8;56;54.2;52.5;50.8;49.2;47.6;46.1;44.6;43.2;41.8;40.4;39.1
Wallis et Futuna;;;;;;;;;;;;;;;;;;;;;;;;;;;;;;;;;;;;;;;;;;;;;;;;;;;;;;;;;;;;;;;;;;;;;;;;;;;;
Vanuatu;195.03;193.96;192.9;191.84;190.79;189.75;188.71;187.68;186.65;185.63;184.61;183.6;182.6;179.4;175.9;172.4;169;165.8;162.7;158.9;155.2;151;147;142.4;137.7;132.9;128.1;123;118.1;113.2;108.6;104.2;99.9;95.9;92.1;88.5;84.8;81.1;77.1;73;68.7;64.3;59.9;55.6;51.5;47.8;44.6;41.7;39.3;37.3;35.6;34.1;32.9;31.9;31;30.4;29.9;34.1;29.1;28.8;28.5;28.2;27.9;27.9;27.9;27.9;28;28.2;28.2;28.4;28.5;28.6;28.6;28.4;28.1;27.5
Venezuela;191.13;189.27;177.98;166.72;181.8;148.16;153.73;150.05;146.38;133.71;107.4;121.3;115.5;110.1;105;100.2;95.8;91.6;87.7;84.2;81.1;78.3;75.9;73.8;72;70.4;68.9;67.5;66;64.3;62.6;60.6;58.8;56.8;55;53.2;51.4;49.6;47.7;45.8;43.9;42.1;40.3;38.8;37.4;36.1;34.8;33.5;32.1;30.8;29.6;28.6;27.8;27.3;26.8;26.3;25.5;24.5;23.5;27.7;21.7;21;20.4;19.8;19.2;18.5;17.9;17.4;17.1;16.8;16.6;16.4;16.1;15.7;15.3;14.9
West Bank and Gaza;306.86;298.38;290.13;282.11;274.32;266.74;259.36;252.2;245.23;238.45;231.86;230.49;228.25;224.86;222.05;218.15;213.17;207.95;202.58;197.27;191.27;184.59;178.81;172.36;165.32;159.1;153.27;147.64;142.23;137.01;131.99;127.15;122.49;118;113.67;109.5;102.8;96.6;90.7;85.2;80;75.2;70.7;66.5;62.6;58.9;55.5;52.3;49.4;46.7;44.4;42.3;40.4;38.7;37.2;35.7;34.4;33.1;31.9;30.8;29.8;28.9;28.2;27.5;26.9;26.3;25.8;25.2;24.7;24.2;23.8;23.3;22.8;22.3;21.7;21.1
West Germany;;;;;;;;;;;;;;;;;;;;;;;;;;;;;;;;;;;;;;;;;;;;;;;;;;;;;;;;;;;;;;;;;;;;;;;;;;;;
Western Sahara;;;;;;;;;;;;;;;;;;;;;;;;;;;;;;;;;;;;;;;;;179.14;171.16;163.3;155.54;147.99;140.81;134.17;128.16;122.82;118.12;114;110.32;106.89;103.55;100.19;96.73;93.14;89.48;85.81;82.14;78.51;74.97;71.54;68.27;65.19;62.32;59.66;57.2;54.9;52.74;50.71;48.76;46.87;45.03;43.22;41.45
Vietnam;298.28;284.08;269.38;256.1;242.3;229.81;216.88;205.15;193;182;173.73;165.84;158.31;151.11;144.25;137.69;131.43;125.45;119.75;114.3;110.08;106.05;102.23;98.61;95;93.3;91.8;90.3;88.8;87.3;85.7;84.2;82.6;81;79.3;77.6;75.9;74.1;72.3;70.5;68.7;66.9;65.3;63.6;62;60.3;58.5;56.7;54.8;52.8;50.8;48.8;46.8;44.8;43;41.2;39.5;38;36.5;35.1;33.8;32.5;31.4;30.4;29.4;28.5;27.7;26.9;26.2;25.5;24.8;24.2;23.5;22.9;22.3;21.7
Virgin Islands (U.S.);;;;;;;;;;;;;;;;;;;;;;;;;;;;;;;;;;;;;;;;;27.58;26.74;25.9;25.06;24.2;23.33;22.47;21.63;20.84;20.09;19.4;18.75;18.14;17.56;17;16.47;15.96;15.47;15.02;14.6;14.21;13.87;13.56;13.29;13.05;12.82;12.6;12.38;12.14;11.89;11.62;11.35;11.08;10.82;10.57;10.33
North Yemen (former);;;;;;;;;;;;;;;;;;;;;;;;;;;;;;;;;;;;;;;;;;;;;;;;;;;;;;;;;;;;;;;;;;;;;;;;;;;;
South Yemen (former);;;;;;;;;;;;;;;;;;;;;;;;;;;;;;;;;;;;;;;;;;;;;;;;;;;;;;;;;;;;;;;;;;;;;;;;;;;;
Yemen;505.31;504.54;503.78;503.02;502.25;501.47;500.69;499.92;499.13;498.36;497.57;489.46;500.39;488.96;477.93;467.28;457.14;447.6;439.9;432.6;425.5;418.2;410.7;403;394.3;384.7;374.3;362.9;350.8;338.4;326;314;302.5;291.4;280.3;268.6;256.6;244;231.3;218.5;205.8;193.6;181.9;171.1;161.2;152.7;145.4;139.2;133.7;128.9;124.8;121.3;118.2;115.6;113.2;111.1;108.9;106.4;103.3;99.7;95.6;91.3;86.9;82.7;78.8;75;71.4;68;64.8;61.7;58.8;56.1;53.7;51.5;49.4;47.5
Yugoslavia;;;;;;;;;;;;;;;;;;;;;;;;;;;;;;;;;;;;;;;;;;;;;;;;;;;;;;;;;;;;;;;;;;;;;;;;;;;;
Zambia;377.76;376.93;376.1;375.27;374.44;354.89;336.35;318.79;302.14;286.36;271.41;257.23;243.8;239.4;234.9;230;225.5;220.9;216.5;211.8;207.3;203;198.9;195.3;192.3;189.8;188.2;187.1;186;183.7;180;175.1;169.3;163.7;158.8;155;153;152.7;153.3;153.9;155.2;156;157.4;159.5;162.7;167;171.2;175;178;180;181.1;181.4;181.2;180.2;177.7;174.7;172.1;170.2;168.3;165.2;160;151.6;140.7;129.4;119.2;111.1;104.6;98.9;94.9;90.1;84.8;81.4;77.7;72.8;70.2;67.8
Zimbabwe;361.24;344.7;328.71;313.17;298.13;282;266.74;252.3;238.65;225.74;213.52;201.97;191.04;180.7;176.3;172;168;164;159.5;155.3;150.7;145.8;140.9;135.9;131.1;126.2;121.9;117.9;114.7;112.2;110.4;109.2;108.3;107.7;107.4;107.3;107.2;106.9;106.1;104.2;101.2;96.9;92;86.7;81.5;76.9;72.8;69.8;68;67.5;68.3;70.1;72.9;76;79.2;82;84.2;85.7;86.8;87.8;88.7;89.5;90.6;92;94.1;96.2;97.9;98.7;98.3;97.3;95.1;92;86.7;83.3;81;79.6
land;;;;;;;;;;;;;;;;;;;;;;;;;;;;;;;;;;;;;;;;;;;;;;;;;;;;;;;;;;;;;;;;;;;;;;;;;;;;
South Sudan;402.09;400.14;398.19;396.26;394.34;392.42;390.52;388.62;386.73;384.85;382.98;381.13;379.27;377.43;375.6;372.3;369.5;367.6;365.1;362.2;359.8;357.1;354;350.7;348.1;345.6;342.4;339.2;335.9;332.9;329.6;326.4;322.8;319.2;315.8;312.5;309.1;305.7;301.9;298.2;294.7;291.3;288.5;284.7;280.4;276.5;271.8;267.3;262.7;257.8;253.2;248.1;242.5;236.6;230.3;223.5;216.1;208.5;200.3;191.4;182.3;173;163.8;155.2;147;139.3;132.1;125.7;120;115.2;110.9;106.7;102.8;99.2;95.6;92.6
